No,Fname,Lname,Sex,DOB,Diagnosis,Diagnosis_Detail,Blood Group,Status,Primary_Unit,Date_of_death,Cause_of_death,Nationality,AG Division,District,Address,Age at Diagnosis,Diagnosis Year
1,Ajith,Kumara,Male,01 January 1986,Beta Thalassaemia Major,β Thal major,NA,Dead,Kurunegala,1/1/1998,NA,Sinhala,Polpithigama,Kurunegala,No,,
2,WAM Ruwan Chamara,Atapattu,Male,20 April 1986,Beta Thalassaemia Major,β Thal major,O pos,,Unknown,,,Sinhala,Ambanpola,Kurunegala,"W.A.M. Ranhami, Manpitigama, Korakahawaththa, Ambanpola",1Y,1989
3,DM Atula,Dasanayake,Male,26 April 1990,Beta Thalassaemia Major,β Thal major,B pos,Dead,Kurunegala,13/12/2021,Diabetes,Sinhala,Nikaweratiya,Kurunegala,"D.M.G. Heenbanda, Randenigama, Meekandawa, Diwullegoda, Nikawaratiya",1Y,1992
4,RM Dinesh,Rathnayke,Male,16 February 1989,Beta Thalassaemia Major,β Thal major,B pos,Alive,Kurunegala,,,Sinhala,Rideegama,Kurunegala,"R.M. Wimala Kumari, No. 230, Nilanthattuwa, Riddigama",7M,1989
5,R.M.Chanaka Sameera,Rathnayke,Male,21 May 1985,Beta Thalassaemia Major,β Thal major,B pos,Alive,Kurunegala,,,Sinhala,Rideegama,Kurunegala,"R.M. Wimala Kumari, No. 230, Nilanthattuwa, Riddigama",1Y8M,1988
6,Nilmini,Kumarasingha,Female,25 February 1984,Beta Thalassaemia Major,β Thal major,NA,Dead,Kurunegala,4/7/2006,Diabetes,Sinhala,Ganewaththa,Kurunegala,"R.Somasiri, Seerangoda, Thambagalla",,
7,Dimuthu,Kumara,Male,01 January 1992,Beta Thalassaemia Major,β Thal major,NA,Dead,Kurunegala,21/3/2008,Diabetes,Sinhala,Polgahawela,Kurunegala,"D.M. Abeyrathna,Mawathagama, Pothuhera",,
8,Chatura,Darshana,Male,01 January 1986,Beta Thalassaemia Major,β Thal major,NA,Dead,Kurunegala,1/1/2000,NA,Sinhala,Wariyapola,Kurunegala,No,,
9,RA Asanka Pradeep,Rajapaksha,Male,19 February 1988,Beta Thalassaemia Major,β Thal major,NA,Dead,Kurunegala,1/8/2018,Heart Failure,Sinhala,Ibbagamuwa,Kurunegala,"M.M. Wimalawathie, Kapuhena, Koonwewa, Kubukgete",,
10,K.P Dimuthu,Priyankara,Male,25 October 1988,E Beta Thalassemia,E Beta Thal,B pos,Alive,Kurunegala,,,Sinhala,Galagedara,Kandy,"K.P. Karunasena, No.12, Bettiyagoda, Kahapathwala",4Y6M,1992
11,Anuradha,Dilrakshi,Female,25 April 1987,E Beta Thalassemia,E Beta Thal,A pos,Alive,Kurunegala,,,Sinhala,Anamanduwa,Puttlam,"D.M. Abeyrathna, No. 101 , H6, Marumgoda, Mahuswewa, Annamaduwa",1Y6M,1989
12,D.M Achala,Udeshika Madubhashini,Female,12 March 1990,E Beta Thalassemia,E Beta Thal,A pos,Alive,Kurunegala,,,Sinhala,Anamanduwa,Puttlam,"D.M. Abeyrathna, No. 101 , H6, Marumgoda, Annamaduwa",1Y6M,1991
13,DM Asitha,Anuruddhika,Male,21 November 1989,Thalassaemia Intermedia,Thal Intermedia,O pos,,Unknown,,,Sinhala,Palagala,Anuradhapura,"D.M. Dingiribanda, Kirinda Waththa, Palagala",,
14,RKB,Boyagane,Male,09 February 1988,E Beta Thalassemia,E Beta Thal,NA,Dead,Kurunegala,2/11/2010,Diabetes Cancer,Sinhala,Rambukkana,Kegalle,"M.H.B. Mallika, Madana, Yatagama, Rambkkana",,
15,R.Mohammed,Riyas,Male,18 November 1981,Beta Thalassaemia Major,β Thal major,O pos,Alive,Kurunegala,,,Muslim,Kurunegala,Kurunegala,"T.M. Razik, No. 30/24, Siyambalagasthenna, Wellawa",1Y6M,1982
16,W.M.Nuwan,Sameera Wanninayake,Male,05 June 1987,E Beta Thalassemia,E/β Thalasseamia,B pos,Alive,Kurunegala,,,Sinhala,Ahetuwewa,Kurunegala,"W.M. Abaya Bandara, Sub Post Office, Ehatuwawa",5Y,1992
17,MS Arundayan,Gunasekhara,Male,16 July 1992,Beta Thalassaemia Major,β Thal major,B pos,Dead,Kurunegala,27/3/2017,Diabetes Heart Failure,Sinhala,Kurunegala,Kurunegala,"M.S. Gunasekara, No 51, Ranaliya Waththa, Boyaganne",,
18,R Dinesh,Gunaratna,Male,20 May 1985,Hb H Disease,Alpha Thalassemia,O pos,,Ragama,,,Sinhala,Nikaweratiya,Kurunegala,"R. Gunarathna, Dalupotha, Galagedara, Nikawaratiya",,
19,R.P.Asanka,Prabath,Male,12 May 1992,Beta Thalassaemia Major,β Thal major,B pos,Alive,Kurunegala,,,Sinhala,Ganewaththa,Kurunegala,"P.G. Gunawathie, Walegedara, Paragolla , Nikadalupotha",5M,1992
20,R Ananda,Kumara,Male,10 September 1989,Beta Thalassaemia Major,β Thal major,NA,Dead,Kurunegala,11/10/2000,Diabetes,Sinhala,Galgamuwa,Kurunegala,"R. Ramachandra, Sellamwaththa, Galagamuwa",,
21,Sivaranjani,,Female,09 July 1992,Beta Thalassaemia Major,β Thal major,NA,Dead,Kurunegala,18/5/2007,Diabetes,Tamile,Galgamuwa,Kurunegala,"R. Ramachandra, Sellamwaththa, Galagamuwa",,
22,MN Mohammed,Nafraz,Male,25 October 1990,Beta Thalassaemia Major,β Thal major,NA,Dead,Kurunegala,1/1/2004,Diabetes,Muslim,Nikaweratiya,Kurunegala,"M.S.N. Nafshara, Nasa Sweet House,",,
23,WM,Madhushanka,Male,23 October 1989,Beta Thalassaemia Major,β Thal major,NA,Dead,Kurunegala,1/1/1999,,Sinhala,Galgamuwa,Kurunegala,,,
24,Manjula,Bandara,Male,01 January 1985,Beta Thalassaemia Major,β Thal major,NA,Dead,Kurunegala,1/1/1996,,Sinhala,Rideegama,Kurunegala,,,
25,CM Kasun,Buddika,Male,29 June 1989,Beta Thalassaemia Major,β Thal major,NA,Dead,Kurunegala,28/4/2011,Infection,Sinhala,Bamunakottuwa,Kurunegala,,,
26,Sajith,Deshan,Male,01 January 1991,E Beta Thalassemia,E/β Thalasseamia,NA,Dead,Kurunegala,1/1/2003,Heart Failure,Sinhala,Kurunegala,Kurunegala,,,
27,VH Viswajeet,Somadasa,Male,13 September 1987,Beta Thalassaemia Major,β Thal major,B pos,Alive,Kurunegala,,,Sinhala,Wariyapola,Kurunegala,"W.H. Somadasa, "" Kanthi"", Malagane, Wariyapolla",2M,1987
28,RD Gunarath,Banda,Male,,E Beta Thalassemia,E/β Thalasseamia,NA,Dead,Kurunegala,1/1/1996,,Sinhala,Kurunegala,Kurunegala,,,
29,W.A.Mahesh,Buddhika,Male,09 November 1985,Beta Thalassaemia Major,β Thal major,O pos,Alive,Kurunegala,,,Sinhala,Maspotha,Kurunegala,"No. 05, Jaya Samagi Mawatha, Pellandeniya, Maspotha",8Y,1993
30,Hemanta Sisira,Kumara,Male,01 January 1992,Beta Thalassaemia Major,β Thal major,NA,Dead,Kurunegala,15/5/2008,Heart Failure,Sinhala,Palagala,Anuradhapura,,,
31,Chamali,Navaratna,Female,01 January 1990,Beta Thalassaemia Major,β Thal major,NA,Dead,Kurunegala,25/2/2000,Diabetes Heart Failure,Sinhala,Wariyapola,Kurunegala,,,
32,Aiwan,Rajarathna,Male,01 January 1986,Beta Thalassaemia Major,β Thal major,NA,Dead,Kurunegala,1/1/1997,NA,Sinhala,Rideegama,Kurunegala,,,
33,WM Suresh,Madhushanka,Male,20 March 1991,Beta Thalassaemia Major,β Thal major,NA,Dead,Kurunegala,9/1/2012,Heart Failure,Sinhala,Polgahawela,Kurunegala,,,
34,Tharaka,Jayamind,Male,03 June 1987,Beta Thalassaemia Major,β Thal major,NA,Dead,Kurunegala,23/8/2017,Pneumonia,Sinhala,Ganewaththa,Kurunegala,"Y.M. Ranbanda, Peenasa Wedaniwasa, Koombuwa, Kubukgete",,
35,Sudarma,Karunarathna,Female,25 April 1991,Beta Thalassaemia Major,β Thal major,NA,Dead,Kurunegala,24/4/2011,diabetes,Sinhala,Ibbagamuwa,Kurunegala,,,
36,PA Deepika,Priyadarshini,Female,11 May 1989,Beta Thalassaemia Major,β Thal major,NA,Dead,Kurunegala,3/7/1999,Heart Failure,Sinhala,Galewela,Mathale,,,
37,A amiranalaka,Senevirathna,Male,27 September 1990,Beta Thalassaemia Major,β Thal major,A pos,Dead,Kurunegala,6/4/2017,Heart Failure,Sinhala,Rambukkana,Kegalle,"W.D. Sunil Weeradasa, Udukedeniya, Aaragoda, Polgahawela",,
38,Adeesh,Premarathna,Male,28 September 1992,Beta Thalassaemia Major,β Thal major,NA,Dead,Kurunegala,12/6/2001,,Sinhala,Anamanduwa,Puttlam,,,
39,Jeevan,Kumara,Male,01 January 1990,Beta Thalassaemia Major,β Thal major,NA,Dead,Kurunegala,1/1/2001,Heart Failure,Sinhala,Anamanduwa,Puttlam,,,
40,JA Roshan,Udayanta,Male,09 March 1988,Beta Thalassaemia Major,β Thal major,B pos,Dead,Kurunegala,29/3/2020,Brain Abscess,Sinhala,Kurunegala,Kurunegala,"P.M. Malini , Aluthmalkaduwawa, Negambo Rd, Kurunegala",,
41,R.M Udeshika,Lakmali,Female,15 August 1990,E Beta Thalassemia,E/β Thalassaemia,O pos,Alive,Kurunegala,,,Sinhala,Ganewaththa,Kurunegala,"R.M. Indrani Rathnayake,Kanwa, Mahamukalanyaya",1Y6M,1992
42,WA Lashantha,Kumara,Male,01 January 1988,Beta Thalassaemia Major,β Thal major,NA,Dead,Kurunegala,1/1/1996,,Sinhala,Kurunegala,Kurunegala,,,
43,SP Nalin,Premathilaka,Male,01 January 1988,Beta Thalassaemia Major,β Thal major,NA,Dead,Kurunegala,2/5/2002,,Sinhala,Kurunegala,Kurunegala,,,
44,Chamali,Kumari,Female,17 July 1986,Beta Thalassaemia Major,β Thal major,NA,Dead,Kurunegala,6/6/2001,Diabetes,Sinhala,Polpithigama,Kurunegala,,,
45,HP Chandana,Dinesh,Male,27 September 1990,Beta Thalassaemia Major,β Thal major,B pos,Dead,Kurunegala,1/1/2013,,Sinhala,Giribawa,Kurunegala,,,
46,Saman,Kumara,Male,01 January 1989,Beta Thalassaemia Major,β Thal major,NA,Dead,Kurunegala,10/10/2007,Diabetes,Sinhala,Polpithigama,Kurunegala,,,
47,SM Nirosha,Sandamali,Female,01 January 1987,Beta Thalassaemia Major,β Thal major,NA,Dead,Kurunegala,1/1/1998,,Sinhala,Kekirawa,Anuradhapura,,,
48,Fathima,Rumana,Female,02 November 1989,Beta Thalassaemia Major,β Thal major,B pos,Alive,Kurunegala,,,Muslim,Rideegama,Kurunegala,"R.M. Ibrahim, Rabukkandeniya, Riddigama",1Y,1991
49,UBM Priyantha,Kumara,Male,06 June 1985,E Beta Thalassemia,E/β Thalasseamia,B pos,Dead,Kurunegala,22/4/2024,Infection,Sinhala,Galgamuwa,Kurunegala,"U.B.M. Darmadasa, Ganedivilwawa, Galgamuwa",7M,1986
50,Saman,Bandara,Male,27 November 1980,E Beta Thalassemia,E/β Thalasseamia,NA,Dead,Kurunegala,1/7/2010,Brain Abscess,Sinhala,Kotawehera,Kurunegala,,,
51,Gayan,Ananda,Male,01 January 1987,Beta Thalassaemia Major,β Thal major,NA,Dead,Kurunegala,1/1/2001,,Sinhala,Kurunegala,Kurunegala,,,
52,HM Sanjeeva,Kumara,Male,06 November 1988,Beta Thalassaemia Major,β Thal major,NA,Dead,Kurunegala,13/8/2001,Diabetes,Sinhala,Galgamuwa,Kurunegala,,,
53,HM Janaka,Pushpakumara,Male,01 January 1989,Beta Thalassaemia Major,β Thal major,NA,Dead,Kurunegala,1/1/1998,,Sinhala,Polpithigama,Kurunegala,,,
54,Nishantha,Herath,Male,09 November 1987,Beta Thalassaemia Major,β Thal major,NA,Dead,Kurunegala,26/5/2010,Diabetes,Sinhala,Galewela,Mathale,,,
55,MP,Kalum,Male,01 January 1987,E Beta Thalassemia,E/β Thalasseamia,NA,Dead,Kurunegala,1/1/1997,,Sinhala,Kurunegala,Kurunegala,,,
56,RM Aroma,Rathnayke,Female,01 January 1986,Beta Thalassaemia Major,β Thal major,NA,Dead,Kurunegala,1/1/1997,,Sinhala,Polpithigama,Kurunegala,,,
57,JM Indika,Kumara,Male,04 July 1983,E Beta Thalassemia,E/β Thalasseamia,NA,Dead,Kurunegala,29/11/2003,,Sinhala,Ibbagamuwa,Kurunegala,,,
58,JM Chandani,Kumari,Female,30 December 1978,E Beta Thalassemia,E/β Thalasseamia,NA,Dead,Kurunegala,2/6/2010,Diabetes,Sinhala,Ibbagamuwa,Kurunegala,,,
59,Sameera Nuwan,Kumara,Male,13 June 1989,Beta Thalassaemia Major,β Thal major,AB pos,Dead,Kurunegala,24/12/2011,Diabetes Heart failure,Sinhala,Ibbagamuwa,Kurunegala,,,
60,DM Madhushanka,Jayaweera,Male,,Beta Thalassaemia Major,β Thal major,NA,Dead,Kurunegala,1/1/1996,,Sinhala,Kurunegala,Kurunegala,,,
61,Sumith,Wasantha,Male,01 January 1988,Beta Thalassaemia Major,β Thal major,NA,Dead,Kurunegala,1/1/2004,Diabetes,Sinhala,Polpithigama,Kurunegala,,,
62,D.P.G.Chamalie Nadeeshani,Rajakaruna,Female,09 October 1990,Beta Thalassaemia Major,β Thal major,O pos,Alive,Kurunegala,,,Sinhala,Ibbagamuwa,Kurunegala,"Sunil Rajakaruna, No. 06, Bogahapitiya, Melsiripura",6M,1991
63,BRD Asanka,Saman,Male,25 May 1986,E Beta Thalassemia,E Beta Thalassaemia,O pos,Alive,Kurunegala,,,Sinhala,Maho,Kurunegala,"B.R.G. Nihal Rathnayake , No. 147. Kubukwewa, Maho",3Y,1989
64,MHM,Huyen,Male,14 February 1990,Beta Thalassaemia Major,β Thal major,B pos,Dead,Kurunegala,26/2/2012,Diabetes Heart failure,Muslim,Rideegama,Kurunegala,,,
65,JA Suranga,Jayakodi,Male,29 May 1992,Beta Thalassaemia Major,β Thal major,B pos,Alive,Kurunegala,,,Sinhala,Nawagaththegama,Puttlam,"J.A. Ananda Jayakody, Andara wewa, Nawagathegama",8M,1992
66,B.M.,Asanka Sujith,Male,10 December 1987,Beta Thalassaemia Major,β Thal major,AB pos,Alive,Kurunegala,,,Sinhala,Ibbagamuwa,Kurunegala,"C.A.M. Premasiri, Kosgahapitiya, Ibbagamuwa",7M,1992
67,R.M.Samanthika,Rathnayake,Female,10 December 1987,E Beta Thalassemia,E/β Thalasseamia,O pos,Alive,Kurunegala,,,Sinhala,Kurunegala,Kurunegala,"J.M.Pemawathi , Moriswaththa, Kanumale, Gepallawa, Uhumeeya",5M,1988
68,C.M Dulal,Srimal,Male,16 August 1991,Beta Thalassaemia Major,β Thal major,A pos,Alive,Kurunegala,,,Sinhala,Ganewaththa,Kurunegala,"C.M. Kiribanda, Elabadayaya , Kubukgete",4M,1992
69,ND Sunethra,,Female,01 January 1980,E Beta Thalassemia,E/β Thalasseamia,NA,Dead,Kurunegala,1/1/1997,,Sinhala,Wariyapola,Kurunegala,,,
70,TG Sagarika,Madhumanti,Female,15 July 1991,Beta Thalassaemia Major,β Thal major,NA,Dead,Kurunegala,24/8/2004,Diabetes,Sinhala,Ibbagamuwa,Kurunegala,,,
71,Thilina Buddika,Bandara,Male,24 December 1985,E Beta Thalassemia,E/β Thalasseamia,NA,Dead,Kurunegala,4/10/2002,Suicide by poisoning,Sinhala,Ganewaththa,Kurunegala,,,
72,KP nilmani,Karunatilaka,Female,23 December 1989,Beta Thalassaemia Major,β Thal major,O pos,Alive,Kurunegala,,,Sinhala,Kurunegala,Kurunegala,"K.P. Karunarathna,No. 15/A,  Kudakandegama, Wellawa",6M,
73,Shanika,Niroshani,Female,28 June 1985,E Beta Thalassemia,E/β Thalasseamia,O pos,Alive,Kurunegala,,,Sinhala,Kekirawa,Anuradhapura,"643, Unagollewa, Serugala, Kekirawa",7M,1992
74,DH Lakmali,Priyaratna,Female,01 January 1991,Beta Thalassaemia Major,β Thal major,NA,Dead,Kurunegala,1/1/2004,Diabetes,Sinhala,Bamunakottuwa,Kurunegala,,,
75,DM Nirosha,Kumari,Female,,Beta Thalassaemia Major,β Thal major,NA,Dead,Kurunegala,1/1/1996,,Sinhala,Ganewaththa,Kurunegala,,,
77,Shiromi,Sandhamali,Female,17 January 1993,Beta Thalassaemia Major,β Thal major,NA,Dead,Kurunegala,20/8/2007,Brain Abscess,Sinhala,Ganewaththa,Kurunegala,,,
78,A.G.Hanushka,Nawarathna,Male,08 November 1992,Beta Thalassaemia Major,β Thal major,B pos,Alive,Kurunegala,,,Sinhala,Galewela,Mathale,"A.J. Nawarathna, Dadubendiruppa, Dewahuwa",7M,1992
79,DM Manjula,Kumari,Female,09 August 1981,E Beta Thalassemia,E/β Thalasseamia,A pos,Dead,Kurunegala,24/8/2018,Meningitis,Sinhala,Ganewaththa,Kurunegala,"R.M. Hemalatha, Rathnayake , Siradunna, Periyakadunelawa, Ibbagamuwa",,
82,DM Gayan,Lakshita,Male,25 October 1990,Beta Thalassaemia Major,β Thal major,NA,Dead,Kurunegala,1/1/2000,,Sinhala,Wariyapola,Kurunegala,,,
83,M Tharindu,Dilshan,Male,14 February 1992,Beta Thalassaemia Major,β Thal major,A pos,,Ragama,,,Sinhala,Anamanduwa,Puttlam,"M. Sugathapala , Periyakulama, Anamaduwa",,
84,DM Tharindu,Chamara,Male,01 January 1993,Beta Thalassaemia Major,β Thal major,NA,Dead,Kurunegala,1/1/2002,,Sinhala,Mawathagama,Kurunegala,,,
85,BL Charitha,Bogoda,Female,10 November 1989,Beta Thalassaemia Major,β Thal major,A pos,Alive,Kurunegala,,,Sinhala,Narammala,Kurunegala,"B.L. Sunil Premasiri, No. 41, Kasungama, Matiyagane",7M,1990
86,HP Chanaka,,Male,10 May 1992,Beta Thalassaemia Major,β Thal major,NA,Dead,Kurunegala,1/10/2011,Diabetes,Sinhala,Mawathagama,Kurunegala,,,
87,RA,Sirivimala,Male,01 January 1988,Beta Thalassaemia Major,β Thal major,NA,Dead,Kurunegala,1/1/2001,Diabetes,Sinhala,Mawathagama,Kurunegala,,,
88,Ishani,Priyangika,Female,14 December 1986,E Beta Thalassemia,E/β Thalasseamia,A pos,Alive,Kurunegala,,,Sinhala,Polpithigama,Kurunegala,"W.B.M. Lional Weerasekara, Hathpokunna, Polpithigama",2Y,1988
89,P Gayan,Sandaruwan,Male,15 October 1985,E Beta Thalassemia,E/β Thalasseamia,B pos,Dead,Kurunegala,24/2/2023,,Sinhala,Nikaweratiya,Kurunegala,"P. Gunnapala, ""Sandaruwan"" , Withikuliya, Wannigama, Nikaweratiya",4Y6M,1980
90,HM Vatsala,Sandamali,Female,25 April 1981,E Beta Thalassemia,E/β Thalasseamia,AB pos,Dead,Kurunegala,16/4/2017,"Diabetes, Pneumonia",Sinhala,Ahetuwewa,Kurunegala,"H.M. Karunarathna, Ihaladiulgane, Galgamuwa,",,
91,KM Janaki,Kumari,Female,21 September 1984,E Beta Thalassemia,E/β Thalasseamia,A pos,,Ragama,,,Sinhala,Rideegama,Kurunegala,"K.M. Nawarathna , Nawarathna Stores, Wagama, Pihimbuwa",,
92,P.G.Mahinda,,Male,06 May 1990,Thalassaemia Intermedia,Thal Intermedia,O pos,Alive,Kurunegala,,,Sinhala,Palagala,Anuradhapura,"P.G. Upathissa, Ussana Project, Dewahuwa",5Day,1990
93,Kaushalya,Ranasinghe,Female,31.05.1987,Beta Thalassaemia Major,β Thal major,A pos,Dead,Kurunegala,5/9/2023,,Sinhala,Harisapaththuwa,Kandy,"S. Jayasingha, No. 264, Hadeniya, Werallagama",,
94,AAM Ranjan,,Male,15 February 1993,Beta Thalassaemia Major,β Thal major,O pos,Dead,Kurunegala,14/4/2016,,Sinhala,Polpithigama,Kurunegala,"R.M. Bebi Nonna , Weeragolla, Ma Eliya",,
95,Ranjana,Kumara,Male,13 December 1992,Beta Thalassaemia Major,β Thal major,NA,Dead,Kurunegala,1/1/1996,,Sinhala,Palagala,Anuradhapura,,,
96,Kosila Prasadini,Vijaytunga,Female,13 May 1993,Beta Thalassaemia Major,β Thal major,B pos,,Ragama,,,Sinhala,Warakapola,Kegalle,"R.P. Wijethunga, "" Wijevilla"" Thoradeniya , Dorawaka , Warakapola",,
97,HP Sandamali,Senaratna,Female,13 June 1993,Beta Thalassaemia Major,β Thal major,O pos,Alive,Kurunegala,,,Sinhala,Maspotha,Kurunegala,"H.P. Jayantha Senarathna , C/o. Aluth Kade, Rathkarawwa, Maspotha",3M,1993
98,Sulpikan,,Male,24 May 1990,Beta Thalassaemia Major,β Thal major,NA,Dead,Kurunegala,25/8/2009,Diabetes Heart failure,Muslim,Ampara,Ampara,,,
99,B.L.Aruna Sampath,Bagoda,Male,16 June 1993,Beta Thalassaemia Major,β Thal major,O pos,Alive,Kurunegala,,,Sinhala,Narammala,Kurunegala,"S.B. Dayawathi Manike, No. 41, Kasungama , Matiyaganna",2M,1993
100,Iresha,Samali,Female,01 January 1993,Beta Thalassaemia Major,β Thal major,NA,Dead,Kurunegala,1/1/1998,,Sinhala,Rideegama,Kurunegala,,,
101,W.A.,Chathurika,Female,30 October 1983,E Beta Thalassemia,E/β Thalasseamia,O pos,Alive,Kurunegala,,,Sinhala,Polpithigama,Kurunegala,"W.A. Ariyasinghe Siripala, No. 63, Kiribamunegamayaya, Polpithigama",5Y6M,1989
102,HM Dayani,Priyanka,Female,25 July 1974,E Beta Thalassemia,E/β Thalasseamia,A pos,Dead,Kurunegala,17/1/2013,AMI,Sinhala,Palagala,Anuradhapura,,,
103,R.Premesha,Gethanjal,Female,06 March 2001,Beta Thalassaemia Major,β Thal major,O pos,Alive,Kurunegala,,,Sinhala,Wavniyawa,Anuradhapura,"C.M. Priyanthi Athakada, 728, 1 Lane, Nandramiththragama, Mahakachchakodiya, Wavniyawa",5M,2001
104,J.M Chamila,Niroshan,Female,20 April 1993,Beta Thalassaemia Major,β Thal major,O pos,Alive,Kurunegala,,,Sinhala,Ganewaththa,Kurunegala,"C/o, Gamini Stores, A.L. Indrani , Seerangoda, Thamabagalla",7M,1993
105,Chintha,Manohari,Female,30 April 1988,Beta Thalassaemia Major,β Thal major,O pos,Alive,Kurunegala,,,Sinhala,Wariyapola,Kurunegala,"H.M. Piyasili Nona, Kithulwehera, Badukade Rd, Wariyapolla",3Y,
106,HM Nimeshika,Madhumali,Female,01 January 1986,Sickle cell Disease ,Homozygous Sickle,O pos,Alive,Kurunegala,,,Sinhala,Ibbagamuwa,Kurunegala,"H.M. Nimeshika Madumali, No. 498, Kahatawala , Hiriyala, Lenawa",6Y,1992
107,Danushka,Wanasingha,Male,01 January 1989,Beta Thalassaemia Major,β Thal major,NA,Dead,Kurunegala,1/1/2007,Diabetes,Sinhala,Dambulla,Mathale,,,
108,Dammika,Priyadarshana,Male,08 March 1992,Beta Thalassaemia Major,β Thal major,NA,Dead,Kurunegala,22/1/2011,Diabetes Heart failure,Sinhala,Ibbagamuwa,Kurunegala,,,
109,SPD Manjula,Dameeth,Male,26/091993,Beta Thalassaemia Major,β Thal major,O NEG,Dead,Kurunegala,1/7/2020,Heart Failure,Sinhala,Rideegama,Kurunegala,"S.D. Premarathna , No. 24, Hali Ella, Ambakote",,
110,Senarath,Vijaysurya,Male,13 September 1993,Beta Thalassaemia Major,β Thal major,O pos,Alive,Kurunegala,,,Sinhala,Rambukkana,Kegalle,"N.D.S. Wijesooriya, Kande Watta, Kudagama, Dombemada, Rambukkana",5M,1994
111,Chamara Ruwan,Rathnayake,Male,12 June 1993,Beta Thalassaemia Major,β Thal major,O pos,Dead,Kurunegala,19/1/2016,Diabetes,Sinhala,Pannala,Kurunegala,"R.N. Nihal, Atamurugolla watta, Muruthange",,
112,Priyanka,Jayakodi,Female,29 November 1992,Beta Thalassaemia Major,β Thal major,A pos,Dead,Kurunegala,9/1/2018,Diabetes,Sinhala,Maho,Kurunegala,"J.A. Pandithapalla, Sarapa wada Niwasa, Atawaralla, Maho",,
113,Duminda Roshan,Wasala,Male,23 August 1995,E Beta Thalassemia,E/β Thalasseamia,B pos,Dead,Kurunegala,1/2/2018,Infection,Sinhala,Ambanpola,Kurunegala,"W.M. Sunil Jayathillaka, Galtanwatta, No. 55, Amunugamma,",,
114,Chandika,Niroshan,Male,17 December 1995,Beta Thalassaemia Major,β Thal major,O pos,Alive,Kurunegala,,,Sinhala,Palagala,Anuradhapura,"K.M. Tikiri Manike, 8/16, Dematagollawa, Dewahuwa",1Y,1997
115,Sunethra,Malkanthi,Female,11 May 1994,E Beta Thalassemia,E/β Thalasseamia,NA,Dead,Kurunegala,6/12/2008,,Sinhala,Kuliyapitiya - West,Kurunegala,,,
116,S.K.B.Lakshman,Jeewantha,Male,24 September 1992,Beta Thalassaemia Major,β Thal major,O pos,Alive,Kurunegala,,,Sinhala,Maho,Kurunegala,"H.M. Renuka Dammayanthi, Bamunugamma , Nagollagamma",1Y,1993
117,Pradeep,Sampath,Male,01 January 1991,Beta Thalassaemia Major,β Thal major,NA,Dead,Kurunegala,4/7/2008,Diabetes,Sinhala,Bingiriya,Kurunegala,,,
118,A.M.Jayantha,Athapaththu,Male,09 June 1976,E Beta Thalassemia,E/β Thalasseamia,O pos,Alive,Kurunegala,,,Sinhala,Weerambugedara,Kurunegala,"A.M. Jayasena, Algamma, Pothuhara",,
119,Fathima,Rimasa,Female,16 April 1991,E Beta Thalassemia,E/β Thalasseamia,O pos,Alive,Kurunegala,,,Muslim,Rideegama,Kurunegala,"A.S. Riyal, Gurumada, Panagamuwa",2Y6M,1993
120,Hasan Priyasad,Vijaysuriya,Male,27 September 1993,Beta Thalassaemia Major,β Thal major,O pos,Dead,Kurunegala,8/10/2020,Renal Failure,Sinhala,Kurunegala,Kurunegala,"P.M. Malini , Aluthmalkaduwawa, NegamboRd, Kurunegala",,
122,WM Vasanthi,Kumari,Female,01 January 1990,Beta Thalassaemia Major,β Thal major,O pos,Dead,Kurunegala,24/04/2012,Heart Failure,Sinhala,Galewela,Mathale,,,
123,Dayani,Rupika,Female,01 January 1987,Beta Thalassaemia Major,β Thal major,,Dead,Kurunegala,25-04-2008,Brain Abscess Diabetes,Sinhala,Ibbagamuwa,Kurunegala,,,
124,F.Fazana,,Female,14 February 1992,E Beta Thalassemia,E/β Thalasseamia,O pos,Alive,Kurunegala,,,Muslim,Ibbagamuwa,Kurunegala,"Fathima, Weeragala Watta, Gallewala",1Y,1993
125,R.A.Disna Shamalie,Dissanayaka,Female,12 January 1989,Beta Thalassaemia Major,β Thal major,A pos,Alive,Kurunegala,,,Sinhala,Maho,Kurunegala,"R.A.U. Dissanayake, No. 146/14, Hospital Rd, Maho",,
126,D.P.Samanthika,,Female,15 May 1993,Beta Thalassaemia Major,β Thal major,O pos,Alive,Kurunegala,,,Sinhala,Ibbagamuwa,Kurunegala,"D.P. Weerasingha, Jayarathna Mawatta, Ipallawa, Ibbagamuwa",1Y,1994
128,BM Seetharanjani,,Female,04 August 1985,Beta Thalassaemia Major,β Thal major,A pos,Dead,Kurunegala,,,Sinhala,Polgahawela,Kurunegala,,,
129,D.M,Basnayaka,Male,19/04/1993,Beta Thalassaemia Major,β Thal major,,Dead,Kurunegala,26/06/2011,Knee Abscess,Sinhala,Polpithigama,Kurunegala,,,
131,T.M.Samitha,Anuradha,Male,11 December 1987,Beta Thalassaemia Major,β Thal major,A pos,Alive,Kurunegala,,,Sinhala,Panduwasnuwara - West,Kurunegala,"T.M.S.P. Thennakoon, Kuliyapitiya Rd, Hettipolla",11M,1988
132,Nimesha,Virajani,Female,12 December 1993,Beta Thalassaemia Major,β Thal major,B pos,Dead,Kurunegala,1/2/2012,,Sinhala,Palagala,Anuradhapura,"D.M. Sommapalla, Kakirawa Rd, Pallagala",,
133,H.M Samathi,Piyasili,Female,01 January 1983,Beta Thalassaemia Major,Beta Thalassaemia Major,,Dead,Kurunegala,7/1/1996,,Sinhala,Panduwasnuwara - East,Kurunegala,,,
134,Nadeeka Pushpamali,Rajapaksha,Female,24 July 1993,Beta Thalassaemia Major,β Thal major,A Positive,,,,,Sinhala,Nikaweratiya,Kurunegala,"No.68,  Kebellewa, Helogama, Nikaweratiya",,
135,H.M Sanjeewa,Madhusankara,Male,18/04/1991,E Beta Thalassemia,E/β Thalasseamia,,Dead,Kurunegala,2/12/2011,Brain Infection,Sinhala,Galgamuwa,Kurunegala,,,
138,H.A,Jayashantha,Male,18-05-1991,Beta Thalassaemia Major,β Thal major,,Dead,Kurunegala,9/1/2009,Diabetes Heart Failure,Sinhala,Dankotuwa,Puttlam,,,
139,KPD,Jagath Kumara,Male,31 January 1986,E Beta Thalassemia,E/β Thalasseamia,O pos,Alive,Kurunegala,,,Sinhala,Karuwalagasawewa,Puttlam,"Pathmini Rupasinha, 20 2/1, Palugassegama, Saliyawewea juntion, Karuwalagaswewa",,
140,K.P.D,Ruwan Kumara,Male,30 October 1984,E Beta Thalassemia,E/β Thalasseamia,O pos,Alive,Kurunegala,,,Sinhala,Karuwalagasawewa,Puttlam,"Pathmini Rupasinha, 20 2/1, Palugassegama, Saliyawewea juntion, Karuwalagaswewa",,
141,AD Madhusani,Nadisa,Female,22 November 1995,Beta Thalassaemia Major,β Thal major,O pos,Dead,Kurunegala,3/1/2014,,Sinhala,Kuliyapitiya - West,Kurunegala,"M.M priyanka sanjeeva, Wiyara mawatha, Pitadeniya, Kuliyapitiya",,
142,L.W.A.Sakunthala,Sewwadi,Female,28 August 1996,Beta Thalassaemia Major,β Thal major,O pos,Alive,Kurunegala,,,Sinhala,Ganewaththa,Kurunegala,"L.W.A. Chandrathilaka, Mellapitiya, Mahamukalayaya",7M,1997
143,EG Iresha,Priyadarshini,Female,14 August 1989,Beta Thalassaemia Major,β Thal major,O pos,,Ragama,,,Sinhala,Mawathagama,Kurunegala,"H.Priyasili, No.36, Melwaththa, Elukwela, Wauda",,
144,Indika,Rathnayake,Male,14-10-1978,E Beta Thalassemia,E Beta Thalassaemia,,Dead,Kurunegala,19-12-2002,Brain Abscess,Sinhala,Ibbagamuwa,Kurunegala,,,
145,A.M Dilhani,Adikari,Female,05 October 1991,Beta Thalassaemia Major,β Thal major,,Dead,Kurunegala,31-10-2008,,Sinhala,Maho,Kurunegala,,,
146,Amith,Dayashartha,Male,12 February 1989,E Beta Thalassemia,E/β Thalasseamia,A NEG,Alive,Kurunegala,,,Sinhala,Bamunakottuwa,Kurunegala,"L.W. Susila Hemalatha , Atathumabagolla, Walpaluwa,",1Y,1990
147,Nilanka,Indunil,Male,31 May 1993,Beta Thalassaemia Major,β Thal major,O pos,Dead,Kurunegala,26/10/2022,"Diabetes, Heart Failure, Liver Infection",Sinhala,Alawwa,Kurunegala,"C/O.Sarath Vipulasiri , Gamini Herath, Wennarukanda, Near 05 post, Wennoruwa",6M,1993
148,WM Dineshsri,Vernakula,Male,01 December 1978,E Beta Thalassemia,E Beta Thalassemia,O pos,Dead,Kurunegala,28/6/2021,Pneumonia,Sinhala,Wariyapola,Kurunegala,"Ransalu Talars, Minuwangete,Wariyapola",,
149,Tushani,Gamage,Female,25.05.1986,E Beta Thalassemia,E/β Thalasseamia,,,Unknown,,,Sinhala,Maspotha,Kurunegala,"B.H. Kamalawathi, No.544, kalaho Gedara, Yanthampalawa",,
150,Washantha,Kumara,Male,01 January 1994,Beta Thalassaemia Major,Beta Thalassaemia Major,,Dead,Kurunegala,1/1/2000,,Sinhala,Palagala,Anuradhapura,,,
151,AMM Madhusani,Abeyratna,Female,04 April 1984,Beta Thalassaemia Major,β Thal major,B pos,Dead,Kurunegala,1/11/2021,"Pleural Effusion, Diabetes",Sinhala,Ahetuwewa,Kurunegala,"J.A. Disna Kanthi,Wedinigama, Kudakathnoruwa, Meegeleewa",,
152,WM Thilina,Sampath,Male,08 April 1987,E Beta Thalassemia,E/β Thalasseamia,B pos,Dead,Kurunegala,1/2/2021,Pneumonia,Sinhala,Palagala,Anuradhapura,"W.M. Senarathna, Aluthgalkiriyagama, Galkiriyagamma",,
154,Samun Kumara,Samakakees,Male,21 January 1994,Beta Thalassaemia Major,β Thal major,B pos,Alive,Kurunegala,,,Sinhala,Polpithigama,Kurunegala,"A.K. Renuka Priyadarsani, Chandrasiri Stros, Pansiyagama, Madahapala",8M,1994
155,D.M Vajira,Kumara,Male,14 April 1994,Beta Thalassaemia Major,β Thal major,O pos,Alive,Kurunegala,,,Sinhala,Palagala,Anuradhapura,"D.M. Dindiri Banda, Kiridiwatt, Pallagalla",3M,1994
156,R. Sanjeewa,Kumara,Male,01 January 1981,Beta Thalassaemia Major,Beta Thalassaemia Major,,Dead,Kurunegala,1/1/2000,,Sinhala,Bingiriya,Kurunegala,,,
157,D.M Wasantha,Kumara,Male,01 January 1994,Beta Thalassaemia Major,Beta Thalassaemia Major,,Dead,Kurunegala,1/1/2000,,Sinhala,Ibbagamuwa,Kurunegala,,,
158,Iresha,Dilhani,Female,30 March 1994,Beta Thalassaemia Major,β Thal major,B pos,Dead,Kurunegala,1/5/2014,,Sinhala,Giribawa,Kurunegala,"R.D. Chanralatha , Rajanganna , wam Iwra, Yaya 03, Solepura",,
159,Anil Senarath,Nadusanka,Male,31 May 1991,E Beta Thalassemia,E/β Thalasseamia,A pos,Alive,Kurunegala,,,Sinhala,Rasnayakapura,Kurunegala,"P.H.I. Manika , hilogama , Hilogama",3Y6M,1994
160,Fathima,,Female,01 January 1991,Beta Thalassaemia Major,Beta Thalassaemia Major,,Dead,Kurunegala,1/1/1996,,Muslim,Kurunegala,Kurunegala,,,
161,D.M.L.K.,Dissanayaka,Male,10 March 1981,E Beta Thalassemia,E/β Thalasseamia,AB pos,Alive,Kurunegala,,,Sinhala,Kotawehera,Kurunegala,"D.M. Senivirathna Banda , H.10 Gammanaya, Maharanawa , Palugolla Galgamuwa",3Y,1982
162,Thiwanka,Dilshan,Male,25/01/1994,Beta Thalassaemia Major,β Thal major,,Dead,Kurunegala,14/05/2010,,Sinhala,Panduwasnuwara - West,Kurunegala,,,
163,Yohan,Bandara,Male,01 January 1989,Beta Thalassaemia Major,Beta Thalassaemia Major,,Dead,Kurunegala,22-11-2000,,Sinhala,Galewela,Mathale,,,
164,Shama,Udayangani,Female,24-07-1994,Beta Thalassaemia Major,β Thal major,,Dead,Kurunegala,26-12-2008,Diabetes,Sinhala,Nikaweratiya,Kurunegala,,,
165,K.B. Nadeeka,Priyadarshani,Female,11 November 1987,E Beta Thalassemia,E/β Thalasseamia,O pos,Alive,Kurunegala,,,Sinhala,Nikaweratiya,Kurunegala,"P.H. Pabilinna ,No. 09 , Katagamuwa, Nikkawaratiya",7Y,1994
166,Janaka,Romesh,Male,23 December 1989,Beta Thalassaemia Major,β Thal major,A pos,Alive,Kurunegala,,,Sinhala,Wennapuwa,Puttlam,"S.A. Somasiri , St. Jerad Mawatta, Lunuwilla",8M,1990
167,Irangani,Priyangika,Female,05 March 1971,E Beta Thalassemia,E/β Thalasseamia,O pos,Dead,Kurunegala,14/05/2024,Hepatitis,Sinhala,Alawwa,Kurunegala,"Irangani Priyanguika , Pansal waththa, Weththewa, Maharachchimulla",21Y,1993
168,R.M,Tikirimenike,Female,19 March 1964,E Beta Thalassemia,E/β Thalasseamia,B pos,Dead,Kurunegala,,,Sinhala,Kotawehera,Kurunegala,"Tikiri Manike , Maha kirinda , Mahagirilla",20Y,1985
169,Dinesha Sanjeevani,Kusum Siri,Female,03 February 1989,E Beta Thalassemia,E/β Thalasseamia,O pos,Dead,Kurunegala,9/8/2013,,Sinhala,Palagala,Anuradhapura,,,
171,Dilani Nisansala,Abeyrathne,Female,25 August 1993,Beta Thalassaemia Major,β Thal major,O pos,Alive,Kurunegala,,,Sinhala,Anamanduwa,Puttlam,"W.M. Sumanawathi, Aberathna Stores, Kottukachchiya, Kachchimaduwa, Anamaduwa",11M,1994
172,Deepan Raj,,Male,16 November 1994,Beta Thalassaemia Major,β Thal major,A pos,Alive,Kurunegala,,,Tamile,Mawathagama,Kurunegala,"S. Shelton , Notilgala watta , Kahapathwala",3M,1995
173,Harshani,Nuwanthika,Female,20 March 1994,Delta Beta Beta Thalassemia,delta β Thalassaemia,O pos,Alive,Kurunegala,,,Sinhala,Nikaweratiya,Kurunegala,"B.M. Bandara Manike, C/o . Sub Pos Office, Danduwawa, Nikkawaratiya",11M,1995
174,S.S.B.M,Senavirathna,Male,01 January 1957,E Beta Thalassemia,E Beta Thalassaemia,,Dead,Kurunegala,1/1/1999,,Sinhala,Polpithigama,Kurunegala,,,
175,Chaminda Kumara,Dharmadasa,Male,25 April 1978,E Beta Thalassemia,E/β Thalasseamia,O pos,,Ragama,,,Sinhala,Alawwa,Kurunegala,"K.P. Darmadasa, Jayam watta, Kumbulluwa, Allawwa",,
176,S.S.B.M,Padimonike,Female,20 May 1972,E Beta Thalassemia,E/β Thalasseamia,O pos,Alive,Kurunegala,,,Sinhala,Polpithigama,Kurunegala,"H.M. Manikhami, Kada deka wawa , Galtanwawa, Polpithigama",20Y,1992
177,Madhushika,Kaushalya,Female,24-11-1994,Beta Thalassaemia Major,Beta Thalassaemia Major,,Dead,Kurunegala,27-02-2000,Abscess,Sinhala,Rambukkana,kegalle,,,
178,Ishani,Kaushalya,Female,01 January 1985,Beta Thalassaemia Major,Beta Thalassaemia Major,,Dead,Kurunegala,1/1/1999,,Sinhala,Rideegama,Kurunegala,,,
179,Ashoka,Janaki,Female,03 March 1975,E Beta Thalassemia,E/β Thalasseamia,O pos,Dead,Kurunegala,9/12/2018,,Sinhala,Alawwa,Kurunegala,"H.P.Ahoka Janaki, No. 177, Wigamuwa watta, Wannoruwa",,
180,Irugal,Bandara,Male,01 January 1988,Beta Thalassaemia Major,Beta Thalassaemia Major,,Dead,Kurunegala,1/1/2003,,Sinhala,Kobeiygane,Kurunegala,,,
181,Champika,Damayanthi,Female,05 July 1978,Sickle cell Disease ,S Beta Thalassaemia,A pos,,Anuradhapura,,,Sinhala,Kotawehera,Kurunegala,"D.M. Punchi Banda , Makulawa, Galgamuwa",,
182,DM Chandana,Arunasiri,Male,01 May 1974,Sickle cell Disease ,Hb S disease,A pos,Alive,Kurunegala,,,Sinhala,Ahetuwewa,Kurunegala,"D.M. Punchi Banda , Makulawa, Galgamuwa",,
183,W.M Padma,Kumari,Female,26 November 1986,E Beta Thalassemia,E β Thalassaemia,O pos,Alive,Kurunegala,,,Sinhala,Galewela,Mathale,"C/O P.P.S. Pathirana, No. 55/2, Babaragaswewa, Galewela",8Y6M,1995
185,Taranga Sanjeevani,Balasuriya,Female,08 February 1981,E Beta Thalassemia,E β Thalassaemia,A pos,,Ragama,,,Sinhala,Yakkala,Gampaha,"P. Balasooriya , Madawathugodda, Yakkala",,
187,K.P.D.Dinesha,Dharmasiri,Female,31 August 1994,Beta Thalassaemia Major,β Thal major,B pos,Alive,Kurunegala,,,Sinhala,Alawwa,Kurunegala,"K.P. D. Nimal Darmasiri , Kosgahamada , Maharachimulla",7M,1995
189,Fathima,Nahisa,Female,21 November 1977,E Beta Thalassemia,E/β Thalasseamia,O NEG,Dead,Kurunegala,6/10/2018,,Muslim,Mawanella,Kegalle,"M.R.M. Inayathulla , No. 236/B /1 , Nabulluwa, Pasyalla",,
190,Fathima,Rizwana,Female,21 April 1988,E Beta Thalassemia,E/β Thalasseamia,O NEG,,Ragama,,,Muslim,Mawanella,Kegalle,"M.R.M. Inayathulla , No. 236/B /1 , Nabulluwa, Pasyalla",,
191,Manjula,Niroshani,Female,13.06.1978,E Beta Thalassemia,E/β Thalasseamia,,,Ragama,,,Sinhala,Nikaweratiya,Kurunegala,"Gallewa, Nabadewa, Nikaweratiya",,
193,Hansania Apsara Sewwandi,Jayaratne,Female,26 January 1994,Beta Thalassaemia Major,β Thal major,A pos,Alive,Kurunegala,,,Sinhala,Ibbagamuwa,Kurunegala,"D.W. Nimal Jayarathna , Kandulawa Road , Ibbagamuwa",1Y2M,1995
194,Sanju Malinda,Halhagoda,Male,26 June 1991,Beta Thalassaemia Major,β Thal major,B pos,Dead,Kurunegala,28/6/2021,Brain Abscess,Sinhala,Yatawatha,Mathale,"C.K. Indrasena, ""Mangala "" Salagama, Matale",,
195,W.H.M Jayanthi,Menike,Female,04 December 1981,E Beta Thalassemia,E/β Thalasseamia,B pos,Alive,Kurunegala,,,Sinhala,Panduwasnuwara - West,Kurunegala,"S.M. Tikiri Manike , Karadawa , Kuratihenna ,",6Y,1988
196,WHM Ranjan,Vijayratna,Male,11 September 1984,E Beta Thalassemia,E/β Thalasseamia,A pos,Dead,Kurunegala,9/1/2016,,Sinhala,Panduwasnuwara - West,Kurunegala,"S.M. Kikiri Manike , Karadawa , Kuratihenna ,",,
197,Neel,Sumeda,Male,25/04/1996,Beta Thalassaemia Major,β Thal major,,Dead,Kurunegala,9/10/2010,Diabetes Heart Failure,Sinhala,Weerambugedara,Kurunegala,,,
198,Ishara,Madhushanka,Male,13/12/1994,Beta Thalassaemia Major,β Thal major,A pos,Dead,Kurunegala,6/6/2013,Diabetes Pneumonia,Sinhala,Dambulla,Mathale,,,
199,H.B.M,Kalubanda,Male,05 October 1952,E Beta Thalassemia,E/β Thalasseamia,,Dead,Kurunegala,29-12-2009,,Sinhala,Maho,Kurunegala,,,
200,Prabodha Kusal,Herath,Male,14 January 1992,Beta Thalassaemia Major,β Thal major,A pos,Alive,Kurunegala,,,Sinhala,Ibbagamuwa,Kurunegala,"E.M. SeethaKumari, Gurussa, Palliyadda, Melsiripura",,
201,E.A.G.Kaushalya Dilhani,Samarakun,Female,18 April 1995,Beta Thalassaemia Major,β Thal major,O pos,Alive,Kurunegala,,,Sinhala,Galewela,Mathale,"E.A.G. Samarakoon Banda , No, 65, Babarakatupotha, Gallewalle",5M,1995
202,Udeni,Chandrika,Female,11 August 1990,Beta Thalassaemia Major,β Thal major,,Dead,Kurunegala,21/08/2010,Diabetes Heart Failure,Sinhala,Maho,Kurunegala,,,
203,KHA Dulanjali,Kumarasingha,Female,05 February 1995,Beta Thalassaemia Major,β Thal major,O pos,,Polonnaruwa,,,Sinhala,Kobeiygane,Kurunegala,"K.H.A. weerawardana Appu hami, No. 08, Podi danasirigama, Withikuliya",7M,1995
204,HL Hazum,,Male,24 November 1994,Beta Thalassaemia Major,β Thal major,B pos,Alive,Kurunegala,,,Muslim,Giribawa,Kurunegala,"A.L. Hallaldin, Walpaluwa, Thabutta, Galgamuwa",9M,1995
205,Shaluka Hiran,Premachandra,Male,06 July 1992,Beta Thalassaemia Major,β Thal major,B pos,,Ragama,,,Sinhala,Ukuwela,Mathale,"S.K. Premachandra , No. 5/1, Udathanna, Matale",,
206,FR. D Kasun,Bandara,Male,14/10/1994,E Beta Thalassemia,E Beta Thalassaemia,AB pos,Dead,Kurunegala,15/11/2012,pneumonia,Sinhala,Mallawapitiya,Kurunegala,,,
207,AM Sachini,Sureka,Female,02 February 1995,Beta Thalassaemia Major,Beta Thal major,A pos,Dead,Kurunegala,28/9/2020,,Sinhala,Nikaweratiya,Kurunegala,"A.M. Darmasenna, Siyabalawa, Diwllagoda",,
208,Neela,Bandara,Female,01 January 1991,E Beta Thalassemia,E Beta Thalassaemia,,Dead,Kurunegala,1/1/2001,Bacterial Meningitis,Sinhala,Ganewaththa,Kurunegala,,,
209,MP Dilip,Prasad,Male,30 March 1991,E Beta Thalassemia,E/β Thalasseamia,O pos,Dead,Kurunegala,10/4/2014,Pneumonia,Sinhala,Kuliyapitiya - West,Kurunegala,"M.P. Chathurika Dilhani, Ihala Kalugamuwa, Thalahitimulla, Kuliyapitiya",,
210,MM Musen,,Male,08.08.1984,E Beta Thalassemia,E/β Thalasseamia,,Alive,Kurunegala,,,Muslim,Mawathagama,Kurunegala,"H.M. Maisurr , No.286, Kandy Rd, Paragahadeniya , Wauda",,
211,Ravi,Bandara,Male,12 May 1995,Beta Thalassaemia Major,β Thal major,O pos,Alive,Kurunegala,,,Sinhala,Bamunakottuwa,Kurunegala,"D.M. Bandara Manika , Diwlgahamulla watta, Meewaddanna, Panadaragama",8M,1995
212,Sasika Dilhani,Kumarasingha,female,20 August 1995,Beta Thalassaemia Major,β Thal major,O pos,Alive,Kurunegala,,,Sinhala,Mallawapitiya,Kurunegala,"D.J. Anura Sarath Kumarasingha, Maddegamma , Ihallawela, Wallawa",4M,1996
213,T.M,Ariyarathna,Male,01 January 1961,E Beta Thalassemia,E Beta Thalassaemia,,Dead,Kurunegala,22-10-2006,Diabetes Heart Failure,Sinhala,Wariyapola,Kurunegala,,,
214,A.M Mahesh,Mangala,Male,20/08/1998,Beta Thalassaemia Major,β Thal major,,Dead,Kurunegala,21/10/2010,Diabetes Heart Failure,Sinhala,Ibbagamuwa,Kurunegala,,,
215,Chathurika,Damayanthi,Female,20 August 1990,E Beta Thalassemia,E/β Thalasseamia,O pos,,Ragama,,,Sinhala,Nikaweratiya,Kurunegala,"A.H.M. Ranbanda, Elagammillawa, Meewallawa",,
216,Udari,Malisha,Female,20 November 1997,Beta Thalassaemia Major,β Thal major,B pos,Alive,Kurunegala,,,Sinhala,Kuliyapitiya - West,Kurunegala,"S.A. Ananda Gunarathna , Dikwela, Kithalawa,Kuliyapitiya",3M,1998
217,E.M Gayan,Madushanka,Male,01 January 1994,Beta Thalassaemia Major,Beta Thalassaemia Major,,Dead,Kurunegala,2/1/2005,,Sinhala,Thalawa,Anuradhapura,,,
218,Thushara,Madushanka,Male,16-09-1995,Beta Thalassaemia Major,Beta Thalassaemia Major,,Dead,Kurunegala,5/1/2007,,Sinhala,Karuwalagasawewa,Puttlam,,,
219,Awanthi,Shasika,Female,19/02/1990,E Beta Thalassemia,E/β Thalasseamia,,Dead,Kurunegala,25/07/2011,,Sinhala,Bamunakottuwa,Kurunegala,,,
220,Anoja,Gunasekara,Female,13-01-1985,E Beta Thalassemia,E Beta Thalassaemia,,Dead,Kurunegala,5/1/2007,,Sinhala,Kanthale,Trinco,,,
221,R. M Nawarathna,Banda,Male,01 January 1968,E Beta Thalassemia,E Beta Thalassaemia,,Dead,Kurunegala,1/1/2002,No,Sinhala,Nikaweratiya,Kurunegala,,,
222,Rusik,Pradeep,Male,04 February 1996,Beta Thalassaemia Major,β Thal major,A pos,alive,Kurunegala,,,Sinhala,Ganewaththa,Kurunegala,"J.M. Gunathilaka , Gallahamulla, Kakuna golla",4M,1996
223,Sumamasekara,Bandar,Male,20.11.1973,Other,Other,,Alive,Kurunegala,,,Sinhala,Kurunegala,Kurunegala,"M.I.B. Sumanasekara, Madalanda Watta, Kurunegalla",,
224,Mohammad,Resmi,Male,01 April 1994,Beta Thalassaemia Major,β Thal major,B pos,Dead,Kurunegala,,,Muslim,Naula,Mathale,"Abdull Junuhi, Naulla , Abanna , Naliya Kanatta",,
225,A.B.,Karunawathi,female,06 October 1974,E Beta Thalassemia,E/β Thalasseamia,B pos,Alive,Kurunegala,,,Sinhala,Maho,Kurunegala,"A.B. Hearth Hami Kadammaba, Karabe Maho",21Y,1995
226,B.L.,Rodrigo,Male,21.03.1992,E Beta Thalassemia,E Beta Thal,B pos,,Ragama,,,Sinhala,Pamunugama,Colombo,"Bopitiya, Pamunugama",,
228,Sunil,Chandrasena,Male,01 January 1959,E Beta Thalassemia,E Beta Thalassaemia,,Dead,Kurunegala,1/1/2006,,Sinhala,Kurunegala,Kurunegala,,,
231,G.M.,Rasam,Male,04 October 1992,Beta Thalassaemia Major,β Thal major,B pos,dead,Kurunegala,27/8/2019,,Muslim,Trinco,Trinco,"A.M. Gapoor, No.06, Ganesh Mawatha, Fausi Housing Sheem, Trinco",,
234,Erandi,Harshani,female,24 May 1996,Beta Thalassaemia Major,β Thal major,o pos,dead,Kurunegala,1/7/2023,,Sinhala,Mawathagama,Kurunegala,"Welhena Waththa, Wewagedara, Hindagolla",6M,1996
237,Rajitha,Bandhara,Male,01 June 1995,Beta Thalassaemia Major,β Thal major,,Dead,Kurunegala,17-11-2009,Diabetes Heart Failure,Sinhala,Kotawehera,Kurunegala,,,
238,Dilanka Sampath,Ekanajate,Male,19 June 1996,E Beta Thalassemia,E/β Thalasseamia,B pos,Alive,Kurunegala,,,Sinhala,Polpithigama,Kurunegala,"E.M. Jayasingha , Meeoya, Moragollagama",3M,1996
240,Mohomed,Riyaj,Male,26 August 1996,Beta Thalassaemia Major,β Thal major,A pos,Alive,Kurunegala,,,Muslim,Galewela,Mathale,"M.Rizwan, No. 65, Elamalpotha, Wahakotta",,
241,Amitbagya,Samarathunga,female,03 September 1996,Beta Thalassaemia Major,β Thal major,B pos,Dead,Kurunegala,23/3/2021,Heart Failure,Sinhala,Bingiriya,Kurunegala,"H.M. Nimali, Gatullawa, Kisogama",,
242,E.M.I.M.,Ekanayaka,Female,11 April 1996,Beta Thalassaemia Major,β Thal major,O pos,Alive,Kurunegala,,,Sinhala,Polpithigama,Kurunegala,"D.M. Podi manike , Mallika Niwasa, Ela gamuwa, Thalakola wawa Polpithigama",4M,
243,E.M.Isura,Lakshan,Male,08 September 1997,Beta Thalassaemia Major,β Thal major,O pos,alive,Kurunegala,,,Sinhala,Giribawa,Kurunegala,"E.M. Nimal Ekanayaka  (Guru), Kudagalakadawala,Yhambuththa, Galgamuwa",5M,
244,Ruwan,Rajakaruna,Male,01 January 1991,E Beta Thalassemia,E Beta Thalassaemia,,Dead,Kurunegala,1/1/2004,,Sinhala,Polpithigama,Kurunegala,,,
245,Kalana,Madushan,Male,27 April 1996,Beta Thalassaemia Major,β Thal major,O pos,Alive,Kurunegala,,,Sinhala,Ambanpola,Kurunegala,"H.M. K. B. Priyadarsani, No.372/1, Digana Ambanpola,",8M,
246,Namali,Upekshika,Female,25 November 1992,Beta Thalassaemia Major,β Thal major,B pos,Alive,Kurunegala,,,Sinhala,Ambanpola,Kurunegala,"J.M.B. J. Bandara, 01Kotasa, Katandolla , Rathnapura",6M,
247,Badrani,Abedeera,Female,01 January 1967,E Beta Thalassemia,E Beta Thalassaemia,,Dead,Kurunegala,1/1/2000,,Sinhala,Alawwa,Kurunegala,,,
248,Dilanka,Vijay Bandara,Male,30.03.1996,E Beta Thalassemia,E/β Thalasseamia,NA,,Ragama,,,Sinhala,Polgahawela,Kurunegala,"W.M.A. Wijebandara, Kegalla Rd,Polgahawela",5M,
249,Saman Kumara,Hebage,Male,06.04.1987,E Beta Thalassemia,E/β Thalasseamia,O pos,Dead,Kurunegala,1/8/2023,,Sinhala,Ibbagamuwa,Kurunegala,"S. Layisa, C/O. Jayasena kade, Panagamuwa, Ibbagamuwa",10Y,
250,Sajith,Lakshan,Male,09 December 1996,Beta Thalassaemia Major,β Thal major,O pos,Dead,Kurunegala,23/4/2014,,Sinhala,Udubaddawa,Kurunegala,"M.M. Aruna Santha,Uthurawala, Delagasyaywaththa, Welipennagahamulla",,
251,Ishara,Priyadarshani,Female,04 August 1992,Delta Beta Beta Thalassemia,∆ β  Thal major,O pos,Alive,Kurunegala,,,Sinhala,Kekirawa,Anuradhapura,"U.B. Bandaranayaka, Dunumadalawa, Madatugama",4M,
252,Subashini Kumari,Nawarathna,F,03 November 1996,Beta Thalassaemia Major,β Thal major,AB pos,Alive,Kurunegala,,,Sinhala,Galewela,Mathale,"E.G. Nawarathna, Dadudadiruppa , Dewahuwa",3M,
255,Sugandi,Yashmika,Female,12 October 1996,Beta Thalassaemia Major,β Thal major,,Dead,Kurunegala,19/02/2011,Diabetes,Sinhala,Kuliyapitiya - East,Kurunegala,,,
256,J.P.D.C Madushika,Karunarathne,F,22 July 1988,E Beta Thalassemia,E/β Thalasseamia,O pos,Alive,Kurunegala,,,Sinhala,Narammala,Kurunegala,"Agnous Chandralatha, Giranakanda , Narammalla",9Y,
258,M.N Fathima,Rakshana,F,01 May 1987,E Beta Thalassemia,E/β Thalasseamia,A pos,Alive,Kurunegala,,,Muslim,Gampaha,Gampaha,"S.M. Nazeer, Erukkalampitiya , Mannar",8M,
259,L.P.Thiranga Indrajith,Liyanaye,Male,11 December 1996,Beta Thalassaemia Major,β Thal major,O pos,Alive,Kurunegala,,,Sinhala,Anamanduwa,Puttlam,"L.Thilakasiri, Ihalagama, Periyakullama, Annamaduwa",4M,
261,Chanaka Bimal,Therath,Male,04 September 1996,Hb H Disease,Alpha Thalassemia,O pos,,Ragama,,,Sinhala,Warakapola,Kegalle,"S.M.S C. Hearh, Jeewani, Allawwa",10M,
262,H.M,Kasun Saranga,Male,13 November 1996,E Beta Thalassemia,E/β Thalasseamia,O pos,Alive,Kurunegala,,,Sinhala,Galgamuwa,Kurunegala,"H.M. Gamini Herath, Mottapeththawa, Galgamuwa",5M,
263,A,Sareshadin,Male,14 February 1962,E Beta Thalassemia,E/β Thalasseamia,B pos,,Ragama,,,Muslim,Colombo,Colombo,"E. 4/1 , Elvitigala Flat House , Colombo",11Y,
266,L.H,Premarathna,Male,01 January 1959,E Beta Thalassemia,E Beta Thalassaemia,,Dead,Kurunegala,1/1/2005,,Sinhala,Wariyapola,Kurunegala,,,
267,Kalun,Hashara,Female,29/03/1997,Beta Thalassaemia Major,Beta Thalassaemia Major,o pos,Dead,Kurunegala,17/08/2016,Heart Failure,Sinhala,Galewela,Mathale,"I.G. Jayarathna, No. 134, Mada gaddan Wasala , Wahakotta",,
268,MM,Somayya,Male,01 January 1989,E Beta Thalassemia,E/β Thalasseamia,B pos,,Unknown,,,Muslim,Mawathagama,Kurunegala,"H.M. Maisur, No. 286/A, Paragahadeniya, Wauda",11Y,
269,Anula,Ranjani,Female,19 February 1971,E Beta Thalassemia,E/β Thalasseamia,O pos,,Unknown,,,Sinhala,Panduwasnuwara - West,Kurunegala,"K.D. Anulla Ranjani, Katupitigama, Ridibadiella , C/o. Darmasiri Stores",24Y,
270,Nuwan,Sanjaya,Male,01 January 1989,Beta Thalassaemia Major,Beta Thalassaemia Major,,Dead,Kurunegala,1/1/2002,No,Sinhala,Kuliyapitiya - West,Kurunegala,,,
271,Mohomed,Safran,Male,03 August 1994,Beta Thalassaemia Major,β Thal major,B pos,alive,Kurunegala,,,Muslim,Rideegama,Kurunegala,"H. Sitthi Nazeer, No. 255, Thalgaspitiya, Ambekotte",3Y,
272,L.H.,Nawarathne,Male,16 April 1957,E Beta Thalassemia,E/β Thalasseamia,A pos,alive,Kurunegala,,,Sinhala,Wariyapola,Kurunegala,"L.H. Nawarathna, Amunugama, Nikkadalupotha",4Y,
274,Sandun,Buddika,Male,06 February 1997,Beta Thalassaemia Major,β Thal major,,Dead,Kurunegala,8/3/2009,Heart Failure,Sinhala,Galewela,Mathale,,,
276,Supun,Buddika,Male,06 March 1997,Beta Thalassaemia Major,β Thal major,AB pos,Dead,Kurunegala,31/12/2011,Diabetes Heart Failure,Sinhala,Ibbagamuwa,Kurunegala,,,
277,H.M,Chandrakanthi,Female,03 March 1963,E Beta Thalassemia,E Beta Thalassemia,O pos,alive,Kurunegala,,,Sinhala,Galgamuwa,Kurunegala,"H.M. Chandrakanthi, No, 199, Mahagalkadawala , Galgamuwa",8Y,
278,Nilupul,Keerthirathna,Male,24/04/1997,Beta Thalassaemia Major,β Thal major,,Dead,Kurunegala,7/4/2010,Brain Abscess,Sinhala,Anamanduwa,Puttlam,,,
279,P.K.Sujeewa,Priyadarshani,Female,17 December 1993,E Beta Thalassemia,E/β Thalasseamia,O pos,alive,Kurunegala,,,Sinhala,Kanthale,Trinco,"C/o, R.A. Malani , Sujeewa Preiyadarshani, B 71, Battukachichiya , Agbopulla , Kanthale",2Y6M,
280,H.P.D Upul,Lakmal,Male,05 July 1997,Beta Thalassaemia Major,β Thal major,O pos,alive,Kurunegala,,,Sinhala,Kuliyapitiya - West,Kurunegala,"H.P.D. Wijesiri Shantha, Wadugeddra, Wawagamma",3M,
281,A.T.Thisara,Sachintha,Male,11 August 1997,Beta Thalassaemia Major,β Thal major,A pos,alive,Kurunegala,,,Sinhala,Maspotha,Kurunegala,"Dammayanthi Sakunthalla , Nimala Sewanna , Tempel Rd, Thithtawalla , Kurunegala",3M,
282,Bhagya Dulanjali,Chandraratna,Female,04 May 1997,Beta Thalassaemia Major,β Thal major,O pos,alive,Kurunegala,,,Sinhala,Rideegama,Kurunegala,"K.M.S. Chandrarathna, Bogamuwa, Puswalla, Puswalithanna",7M,
283,Tarinda Nishajit,Rukunayake,Male,11 August 1997,Beta Thalassaemia Major,Beta Thal major,O pos,dead,Kurunegala,1/9/2021,COVID 19,Sinhala,Mallawapitiya,Kurunegala,"Shiromi Kusum Kumari, Huniyan Kotuwa, Mahagamma , Kohilegedara",,
284,Nishanka Bandara,Wanninayake,Male,13 January 1994,Delta Beta Beta Thalassemia,Delta Beta Thalassemia,A pos,,Ragama,,,Sinhala,Nikaweratiya,Kurunegala,"W.M.W. Rathnayake, Kiwlegamma, Nabadawa, Nikkawaratiya",,
286,Rajitha Nimesh,Irugal Bandara,Male,23 December 1996,Beta Thalassaemia Major,Beta Thal major,A pos,alive,Kurunegala,,,Sinhala,Narammala,Kurunegala,"H.L. Priyanthi Kumari , Hewagamma, Halwalla, Narammalla",11M,
287,H.M.Rashmi Chaturanganie,Herath,Female,29 July 1996,E Beta Thalassemia,E/β Thal,A pos,alive,Kurunegala,,,Sinhala,Maho,Kurunegala,"H.M.K. Muthubanda, Prajamawatta, Makaduwawa",1Y6M,
288,PG Malini,Navaratna,Female,28 November 1969,Other,Other,B pos,alive,Kurunegala,,,Sinhala,Narammala,Kurunegala,"P.G. Malani Nawarathna ,No. 169 , Rajathinna watta, Narammalla",,
289,Thusitha,Udaykumara,Male,07 June 1996,Beta Thalassaemia Major,Beta Thalassaemia Major,,Dead,Kurunegala,26/05/2011,Diabetes,Sinhala,Nochchiyagama,Anuradhapura,,,
290,A.Dilan,Chathuranga,Male,27 September 1997,Beta Thalassaemia Major,β Thal major,AB pos,alive,Kurunegala,,,Sinhala,Ganewaththa,Kurunegala,"A. Milton Rajapaksha, Sirandda, Thambagalla",5M,
291,Kasun Udayanga,Ratnayaka,Male,30 April 2002,Beta Thalassaemia Major,Beta Thal major,O pos,Underwent BMT,,,,Sinhala,Thalawa,Anuradhapura,"D. Rathnayake,. Eliya Diwlwawa, Eppawalla",,
292,R.A.Isuru Dulanjana,Ranaweera,Male,12 October 1997,Beta Thalassaemia Major,β Thalassaemia major,O pos,alive,Kurunegala,,,Sinhala,Ibbagamuwa,Kurunegala,"R.A. Tikiri Banda, Uddathmmitta, Kiridigalla",4M,
293,Ushani Sanjeewani,Somaseri,Female,24 August 1993,Thalassaemia Intermedia,β Thalassaemai intermedia,A pos,alive,Kurunegala,,,Sinhala,Rideegama,Kurunegala,"W.P. Somasiri, Madawatta, Rambadagalla",4Y6M,
294,T.G.Sathsara,Maduwanthi,Female,07 April 1998,Beta Thalassaemia Major,β Thal major,O pos,alive,Kurunegala,,,Sinhala,Ibbagamuwa,Kurunegala,"P.G. Suraweera, Buruthawa, Ibbagamuwa",,
295,Thilini,Ishara Rathnayake,Female,19 May 1998,Beta Thalassaemia Major,Beta Thal major,O pos,dead,Kurunegala,14 yrs,,Sinhala,Maho,Kurunegala,,,
296,Thuwan,Riyas,Male,01 January 1996,Other,Other,,Dead,Kurunegala,1/1/2005,,Sinhala,Puttlam,Puttlam,,,
297,SKB Tharanga,Dhananjay,Male,14 June 1997,E Beta Thalassemia,E Beta Thalassemia,O pos,alive,Kurunegala,,,Sinhala,Polpithigama,Kurunegala,"S.K.B. Podi Banda, No. 652, Galpothuyaya, Polpithigamma",1Y10M,
298,H.B,Punchirala,Male,01 January 1950,E Beta Thalassemia,E Beta Thalassaemia,,Dead,Kurunegala,1/1/2001,,Sinhala,Maho,Kurunegala,,,
300,Jayamali,Chaturika,Female,01 January 1997,Delta Beta Beta Thalassemia,Delta Beta Thalassemia,N/A,alive,Kurunegala,,,Sinhala,Kotawehera,Kurunegala,"R.M. Tikiri Manike, Mahakirinda, Mahagirilla",,
301,Madumali,Hansani,Female,24 February 2001,Beta Thalassaemia Major,β Thal major,O pos,dead,Kurunegala,28/12/2024,,Sinhala,Ahetuwewa,Kurunegala,"M.H.M. Baddra Kumari Jayaweera, Kadadunnawa, Kudakathnoruwa, Meegalawa",4M,
302,Fathima,Ziyana,Female,24 August 1991,E Beta Thalassemia,E Beta Thalassemia,AB pos,alive,Kurunegala,,,Muslim,Galewela,Mathale,"A.C. Siddik , Katuwalanda Rd, Bamba, Gallewala",1Y6M,
303,Tarushi Imasha,Herath,Female,25 November 2001,Beta Thalassaemia Major,Beta Thal major,B pos,dead,Kurunegala,17/6/2024,Brain Abscess,Sinhala,Palagala,Anuradhapura,"H.M. Chaminda Rohanna , Ambagaswawa, Maneruwa, Nagampaha",5M,
304,Udesh,Manohara,Male,23 February 1997,Beta Thalassaemia Major,β Thalassaemia major,A pos,alive,Kurunegala,,,Sinhala,Kurunegala,Kurunegala,"R.P. Ranjith Weerasingha, Wawalaga, Thalwita",1Y4M,
305,Thisari,Dawalasha,Female,22 January 1998,Beta Thalassaemia Major,Beta Thal major,B pos,alive,Kurunegala,,,Sinhala,Rideegama,Kurunegala,"Priyantha Malkanthi, Malabe Kolaniya, Pihibuwa",10M,
307,Chamara,Nuwan,Male,23 June 1992,Beta Thalassaemia Major,β Thalassaemia major,B pos,alive,Kurunegala,,,Sinhala,Panduwasnuwara - West,Kurunegala,"H.P, Rohini Jayasingha, Ambagaha gedra, Nagollagodda",6Y4M,
308,Indika,Kamal,Male,24 May 1981,E Beta Thalassemia,E Beta Thalassemia,B pos,alive,Kurunegala,,,Sinhala,Maho,Kurunegala,"Indikka Kamal, Kothalakemeeyawa, Maho",,
309,Apsara,Swarnahansani,Female,24 April 2002,Beta Thalassaemia Major,β Thal major,O pos,alive,Kurunegala,,,Sinhala,Panduwasnuwara - West,Kurunegala,"R.P.D. Wimalasiri , meegaspitiya, Hettipolla",4M,
310,Chathur Jeewantha,Lakshan,Male,20 July 1997,Beta Thalassaemia Major,β Thal major,B pos,alive,Kurunegala,,,Sinhala,Mawathagama,Kurunegala,"D.K. Jayasundara, No.08, Wickramasinghepura, Mawathagama",1Y,
311,HP Arasha,Lakshani,Female,17 February 1999,Beta Thalassaemia Major,Beta Thal major,B pos,alive,Kurunegala,,,Sinhala,Mallawapitiya,Kurunegala,"H.P. Senavirathna, Dalupathpitiya, Kudakowana, Torayaya",7M,
312,Santa Sandarwuan,Bandara,Male,01 April 1998,Beta Thalassaemia Major,β Thal major,A neg,alive,Kurunegala,,,Sinhala,Rambukkana,Kegalle,"M.D.N.Pramathilaka, Deniya, Udagaladeniya, Rambukkana",7M,
313,S.A Rasika,Dilrukshi,Female,16 November 1994,E Beta Thalassemia,E-β Thalasseamia,B pos,alive,Kurunegala,,,Sinhala,Pannala,Kurunegala,"S.A. Ekanayaka, Meddepola, Henyaya, Giriulla",4Y,
314,Suresh,Madhusanka,Male,10 July 1998,Beta Thalassaemia Major,Beta Thal major,O pos,dead,Kurunegala,8/10/2022,Diabetes Heart Failure,Sinhala,Nawagaththegama,Puttlam,"K.Jayalath Rajapaksha, H- 1 Gammanya, No.127, Iginimitiya",5M,
315,P Sasika Sewandi,Dilhani,Female,28 February 1998,Beta Thalassaemia Major,Beta Thal major,B pos,dead,Kurunegala,18/11/2013,Kidney Abscess,Sinhala,Bamunakottuwa,Kurunegala,,,
316,H.,Somasiri,Male,21.03.1952,E Beta Thalassemia,E β Thalassaemia,,Dead,Kurunegala,28/05/2010,,Sinhala,Rambukkana,kegalle,,,
317,KG Senarath,Jayakodi,Male,24 March 1968,E Beta Thalassemia,E Beta Thalassemia,N/A,alive,Kurunegala,,,Sinhala,Mallawapitiya,Kurunegala,"No.85, Nidahasgama, Wellawa",29Y,
318,Sriyani,Dahanaka,Female,28 November 1989,E Beta Thalassemia,Hb E/β Thalassaemia,O pos,alive,Kurunegala,,,Sinhala,Ibbagamuwa,Kurunegala,"A.M. Dayananndani, Kahatagasyaya, Ganegoda, Kumbukwewa",3Y,
319,Pasindu,Dilshan,Male,30 June 1998,Beta Thalassaemia Major,β Thal major,O pos,alive,Kurunegala,,,Sinhala,Panduwasnuwara - West,Kurunegala,"C.P.Amarasekara, Loluwagoda, Bandarakoswaththa",2Y2M,
320,IM Mahesh,Madhusanka,Male,14 October 1998,Beta Thalassaemia Major,Beta Thal major,O pos,dead,Kurunegala,7/7/2022,Heart Failure,Sinhala,Galgamuwa,Kurunegala,"I.M. Jayarathna, 25/2, Nahettikulama, Mahananeriya, Galgamuwa",8M,
321,K.M Gihan,Udayantha,Male,30/10/1998,Beta Thalassaemia Major,Beta Thalassaemia Major,O pos,Dead,Kurunegala,19/03/2015,Brain Abscess,Sinhala,Bamunakottuwa,Kurunegala,"K.M. Surweera, Weerasewana, Galwewa, Katupotha",,
322,GG Lakshmi,Ruwan,Female,24 March 1995,E Beta Thalassemia,E Beta Thalassemia,B pos,dead,Kurunegala,25/12/2022,,Sinhala,Ambanpola,Kurunegala,"Weraherayagama, Ambanpola",3Y6M,
323,Thathsara Nadeeshani,Alokabandara,Female,23 December 1998,Beta Thalassaemia Major,β Thal major,O pos,alive,Kurunegala,,,Sinhala,Kurunegala,Kurunegala,"H.M. Nanda Herath, 2nd Lane, Gettuwana, Kurunegala",3M,
324,KD Sarath,Gunatunga,Male,01 January 1969,E Beta Thalassemia,E Beta Thalassemia,N/A,dead,Kurunegala,1/1/2020,,Sinhala,Maho,Kurunegala,"K.D.Sarath Gunathunga, Katupitigama, Ridibedialla",28Y,
325,H.,Jayathilaka,Male,01 June 1949,E Beta Thalassemia,E Beta Thalassemia,O pos,dead,Kurunegala,,,Sinhala,Rambukkana,Kegalle,"Hurimaluwa, Rambukkana",35Y,
326,Suboda,Priyankara,Male,01 January 1992,Beta Thalassaemia Major,Beta Thalassaemia Major,,Dead,Kurunegala,1/1/2007,,Sinhala,Ibbagamuwa,Kurunegala,,,
327,Shanika,Udayangan,Female,19 December 1996,E Beta Thalassemia,E/β thal,O pos,alive,Kurunegala,,,Sinhala,Ganewaththa,Kurunegala,"T.M. Bisomenika, Makulwewa, Dematawewa",2Y3M,
328,Meeri,Jenat,Female,01 March 1959,E Beta Thalassemia,E Beta Thalassaemia,,Dead,Kurunegala,30-10-2000,Liver Failure,Tamile,Rasnayakapura,Kurunegala,,,
329,A.M.Nuwanthi,Priyadarshani,Female,07 May 1999,Beta Thalassaemia Major,β Thal major,O pos,alive,Kurunegala,,,Sinhala,Ibbagamuwa,Kurunegala,"A.M. Shalitha Wijewardhana, Henegedara, Paranawaththa, Ibbagamuwa",3M,
330,Dineth,Sathsara,Male,20/04/1999,Beta Thalassaemia Major,Beta Thalassaemia Major,A pos,Dead,Kurunegala,14/04/2017,Heart Failure,Sinhala,Bulnewa,Anuradhapura,"D. Jayantha, No. 144, Lolugagaswewa, Bulnewa",,
331,Roshani,Kumari,Female,03 April 1999,Beta Thalassaemia Major,β Thal major,A pos,Dead,Kurunegala,30/08/2018,BMT,Sinhala,Pannala,Kurunegala,"J.A. Chandani Jayalath, No.168, Hettipola Road, Kuliyapitiya",,
332,Sanduni,Sathsarani Navaratna,Female,28/07/2001,Beta Thalassaemia Major,Beta Thal major,O pos,Dead,Kurunegala,19/08/2019,Heart Failure,Sinhala,Rideegama,Kurunegala,"G.R. Sudarma Kumari, Wellagodella, Kanadeniyawala",,
333,S.Dimanthi,Nishanika,Female,23 July 1998,Beta Thalassaemia Major,β Thal major,AB pos,,Ragama,,,Sinhala,Weerambugedara,Kurunegala,"S.R.K. Wickramarathna, Aluth Gedara, Pathinwaththa, Ethanawaththa",7M,
334,Isuru,Madusha,Male,25 March 1999,Beta Thalassaemia Major,β Thal major,A pos,alive,Kurunegala,,,Sinhala,Rasnayakapura,Kurunegala,"A.M. Upul Ranjith, Aruna Stoers, Thalakolawewa, Rasnayakapura",4M,
335,A.M.Dushan,Koshala,Male,12 March 1999,Beta Thalassaemia Major,β Thal major,B pos,alive,Kurunegala,,,Sinhala,Wariyapola,Kurunegala,"A.M. Nanndani, Mellapoththa, Minuwangete, Wariyapola",,
336,Dinesha,Sewwandi,Female,13 April 1999,Beta Thalassaemia Major,β Thalassaemia major,A pos,alive,Kurunegala,,,Sinhala,Mallawapitiya,Kurunegala,"N.P. Anoma, Medipillewa, Hinduranpitiya, Wellawa",3M,
337,H Maheshika,Sewwandi,Female,30 August 1998,Beta Thalassaemia Major,Beta Thal major,O pos,dead,Kurunegala,28/5/2015,,Sinhala,Maho,Kurunegala,,,
338,R Dineshika,Madhuwanti,Female,07 December 1997,Beta Thalassaemia Major,Beta Thal major,O pos,,Ragama,,,Sinhala,Palagala,Anuradhapura,"H.M. Pramawathi, Katupitigama, Rideebediella",3Y6M,
339,G Ishan Chaturanga,Gallage,Male,27 June 1990,E Beta Thalassemia,E Beta Thalassemia,AB pos,,Ragama,,,Sinhala,Kahatagasdigiliya,Anuradhapura,"G. Sumanasiri Gallage, Kudamaslewa, Kahatagasdigiliya",9Y,
340,J.P.Asiri,Madushan,Male,27 February 1999,Beta Thalassaemia Major,Beta Thal major,O neg,alive,Kurunegala,,,Sinhala,Bingiriya,Kurunegala,"J.P. Karunarathna Abeysekara, Wallawa, Nagollagama",7M,
341,AB Rabimal,Samaranayake,Male,10 May 1982,Beta Thalassaemia Major,Beta Thal major,O pos,,Ragama,,,Sinhala,Ibbagamuwa,Kurunegala,No,,
342,Kasumi,Nirasha,Female,09 November 1994,E Beta Thalassemia,E β Thalassaemia,,Dead,Kurunegala,20/04/2014,Sepsis,Sinhala,Mahakumbukakadawala,Puttlam,,,
343,J.Kavinda,Bandara,Male,24 August 1999,Beta Thalassaemia Major,β Thal major,A pos,alive,Kurunegala,,,Sinhala,Rambukkana,Kegalle,"J. Gamini Upul Gunathunga, Abeysekara mawatha, Wahawa, Rambukkana",4M,
344,T.G Subath,Niroshan,Male,11 October 1998,Beta Thalassaemia Major,Beta Thalassaemia Major,B pos,Dead,Kurunegala,8/10/2013,Accident,Sinhala,Polpithigama,Kurunegala,,,
345,Mohammad,Saharas,Male,09 December 1998,Beta Thalassaemia Major,Beta Thal major,B pos,dead,Kurunegala,11/3/2013,,Muslim,Kuliyapitiya - West,Kurunegala,"No.115/11,Ananda Mawatha, Pallapitiya, Kuliyapitiya",,
347,J.M Rashn,Mohomed,Male,19 April 1999,Beta Thalassaemia Major,Beta Thal major,A neg,Dead,Kurunegala,10/11/2015,Diabetes Heart Failure,Muslim,Galewela,Mathale,"J.M. Ramsan, No.125/1, Namadagahawaththa, Galewela",,
349,R.M. Rasangi,Shashiprabha,Female,24 June 1996,Beta Thalassaemia Major,Beta Thal major,B pos,,Ragama,,,Sinhala,Weerambugedara,Kurunegala,"R.M. Upali Amarasiri, Agara, Udubaddawa",,
350,Hfais,,Male,01 January 1975,E Beta Thalassemia,E Beta Thalassemia,,Dead,Kurunegala,,,Muslim,Kekirawa,Anuradhapura,"A.U. Abdull Fasan, No. 285, Udanidigamma, Kakirawa",,
351,Kasun,Rukshan,Male,11 April 1999,Beta Thalassaemia Major,Beta Thal major,A pos,alive,Kurunegala,,,Sinhala,Ganewaththa,Kurunegala,"L.W.A. Chandrathilka, Mellapitiya, Mahamukalanyaya",1Y3M,2001
352,P.A.Udayangi,Dilrukshi,Female,03 August 1986,E Beta Thalassemia,E Beta Thalassemia,A pos,alive,Kurunegala,,,Sinhala,Pannala,Kurunegala,"S.G. Piyasili , Watakeyawa, Gonawilla",8Y,1994
353,Sameer,Pradeep,Male,09 June 1991,E Beta Thalassemia,E Beta Thalassaemia,,Dead,Kurunegala,28-02-2010,,Sinhala,Galgamuwa,Kurunegala,,,
354,Fathima,Rismina,Female,20 October 1993,E Beta Thalassemia,E Beta Thalassemia,A pos,alive,Kurunegala,,,Muslim,Nikaweratiya,Kurunegala,"M. Faws, Opp. National Saving Bank, Puttlam Rd, Nikkawaratiya",5Y,1998
355,Oshan,Rashimika,Male,11 July 1998,Beta Thalassaemia Major,Beta Thal major,,Dead,Kurunegala,24/06/2016,Heart Failure,Sinhala,Ganewaththa,Kurunegala,"T.M. Sarath Kumara, Marugedra, Kannawa, Mahamukalanyaya",,
356,Malinda,Viraj,Male,01 January 1990,Beta Thalassaemia Major,Beta Thalassaemia Major,,Dead,Kurunegala,1/1/2004,,Sinhala,Rajanagane,Anuradhapura,,,
357,Vimani,Tilakarathna,Female,10.10.1979,E Beta Thalassemia,E Beta Thalassemia,,,Ragama,,,Sinhala,Kesbawa,Colombo,"No. 15/89, Wijithapura, Makanda ,Madapatha",,
358,Kusum,Kumari,Female,29 December 1973,E Beta Thalassemia,E Beta Thalassemia,O pos,alive,Kurunegala,,,Sinhala,Galgamuwa,Kurunegala,"C/o. I.M. Waduge ,H.M. Kusum kumari, Anuradhapura Rd. Divlwawa, Galgamuwa",26Y,2000
359,Sanduni,Kaushalya,Female,03 June 1997,Beta Thalassaemia Major,β Thal major,B pos,alive,Kurunegala,,,Sinhala,Galgamuwa,Kurunegala,"I.B. Indrani, No. 147, Mahagalkadawala, Galgamuwa",9M,1998
360,H.M.Hashan,Eranda Herath,Male,04 February 1997,E Beta Thalassemia,E Beta Thalassemia,A pos,alive,Kurunegala,,,Sinhala,Ahetuwewa,Kurunegala,"H.M. Gamini Herth, Bosewana, Givlgana, Ehatuwawa",9M,1997
361,D.M Dinushika,Madhushani,Female,16/05/1994,Beta Thalassaemia Major,Beta Thal major,O pos,Dead,Kurunegala,23/05/2022,Diabetes Heart Failure,Sinhala,Galgamuwa,Kurunegala,"D.A. Jayashantha, No. 147, Mahagalkadawala, Galgamuwa",5M,1994
362,D.M Chamil Nimshan,Dissanayaka,Male,29 October 1999,Beta Thalassaemia Major,Beta Thal major,B pos,alive,Kurunegala,,,Sinhala,Polpithigama,Kurunegala,"D.M. Ranasingha, Yaya 07, Idigolla, Polpithigamma",3M,2000
363,DMT Eranda Sampath,Dissanayaka,Male,11 January 2000,Beta Thalassaemia Major,Beta Thal major,O pos,Underwent BMT,,,,Sinhala,Palagala,Anuradhapura,"D.M.T. Senarathna, Aluthgalkiriyagamma, Galkiriyagamma,",3M,2000
364,KB Thisaranuwanta,Indrapadma,Male,18 August 1999,Beta Thalassaemia Major,Beta Thal major,B pos,alive,Kurunegala,,,Sinhala,Kurunegala,Kurunegala,"B.G. Dayawathi, Mathawa, Kohilegeddra",,
365,L Sasini,Sadareka,Female,21 April 1995,Beta Thalassaemia Major,Beta Thal major,B pos,,Ragama,,,Sinhala,Bingiriya,Kurunegala,"H.A.M. Kusunawathi, Dalupotha, Bingiriya",,
366,Vindya Pravaswari,Seneviradhna,Female,03 March 1990,Beta Thalassaemia Major,β Thal major,O pos,alive,Kurunegala,,,Sinhala,Panduwasnuwara - West,Kurunegala,"D.P.M. Senavirathna, Magullagamma, Magullagamma, Kuliyapitiya",1Y,1991
367,Chatura Gayashan,Chandrasekhara,Male,08 September 1994,Beta Thalassaemia Major,Beta Thal major,O pos,,Anuradhapura,,,Sinhala,Madawachchiya,Anuradhapura,"D.B. Chandrasekara, Jaffna Rd, Maddawachichiya",,
368,NG VisakaRanjani,Dissanayaka,Female,11 September 1978,E Beta Thalassemia,E Beta Thalassemia,AB pos,,Ragama,,,Sinhala,Alawwa,Kurunegala,"""Subadra Niwasa"" Giriullav Rd, Walihindda Kapptiwala , Allawa",,
369,Sachin,Arosha,Male,17 January 2000,Beta Thalassaemia Major,β Thal major,N/A,alive,Kurunegala,,,Sinhala,Kuliyapitiya - East,Kurunegala,"M.V. Sampath Aruna Shantha, Ganangamuwa, Nakkawaththa",,
370,L.B,Ellepola,Male,06 January 1996,E Beta Thalassemia,E Beta Thalassaemia,,Dead,Kurunegala,1/1/2003,,Sinhala,Mathale,Mathale,,,
371,Anjana,Sumarathunga,Male,14/06/1998,E Beta Thalassemia,E Beta Thalassemia,A pos,Dead,Kurunegala,24/10/2020,,Sinhala,Nikaweratiya,Kurunegala,"J. Hemamali, No. 66, Kaballawa, Hilogamma",,
372,Mohomed,Shafras,Male,25 October 1989,Beta Thalassaemia Major,β Thalassaemia,B pos,alive,Kurunegala,,,Muslim,Akurana,Kandy,"A.C.M. Lafeir, No. 93, Main Stret, Kurunegala",,
373,Sachil,Ahamed (adopted child),Male,08 August 1996,E Beta Thalassemia,HBE Thalassaemia,B pos,alive,Kurunegala,,,Muslim,Galewela,Mathale,"Nona Safeena, No. 33, Elamalpotha, Wahakotte",,
374,A.M.Sadaruwan,Athapaththu,Male,26 March 1996,Beta Thalassaemia Major,β Thal major,O pos,alive,Kurunegala,,,Sinhala,Panduwasnuwara - West,Kurunegala,"T.M. Kumuduni, Magullagamma, Magullagamma",,
375,Ayesha,Harshani,Female,22/06/1998,Beta Thalassaemia Major,Beta Thalassaemia Major,,Dead,Kurunegala,5/8/2010,Diabetes Heart Failure,Sinhala,Kahatagasdigiliya,Anuradhapura,,,
376,Ishani,Tharaka,Male,01 January 1999,Beta Thalassaemia Major,Beta Thalassaemia Major,,Dead,Kurunegala,1/1/2000,,Sinhala,Dambulla,Mathale,,,
377,Sampath,Wijebandara,Male,21/02/2000,Beta Thalassaemia Major,Beta Thalassaemia Major,,Dead,Kurunegala,5/7/2011,Diabetes,Sinhala,Galewela,Mathale,,,
378,Indeewari,Nisansala,Female,22/02/1992,Beta Thalassaemia Major,β Thal major,O pos,Dead,Kurunegala,2/5/2018,,Sinhala,Thambuththegama,Anuradhapura,"D.S. Rajaguru, No. 78, Devani Piyawara, Thabuththagamma",,
381,W.M.Himali,Priyankara,Female,21 April 1993,E Beta Thalassemia,E Beta Thalassemia,O pos,alive,Kurunegala,,,Sinhala,Bamunakottuwa,Kurunegala,"W.M. Karunarathna, Imiyangodda, Bamunakotuwa",,
382,A.D.T.N,Ratnayaka,Female,29/04/1990,Beta Thalassaemia Major,Beta Thalassaemia Major,A pos,Dead,Kurunegala,25/12/2017,Osteomyelitis,Sinhala,Maspotha,Kurunegala,"Dammayanthi Sakunthalla , Nimala Sewanna , Tempel Rd, Thithtawalla , Kurunegala",,
383,Sanduni,Priyangika,Female,17 January 2000,Beta Thalassaemia Major,β Thalassaemia major,O pos,alive,Kurunegala,,,Sinhala,Galewela,Mathale,"Deepa Kumari, Deliya Kanda, Gallewala",,
384,Lasantha Naveen,Jayasundara,Male,05 November 1994,Beta Thalassaemia Major,Beta Thal major,B pos,,Ragama,,,Sinhala,Kekirawa,Anuradhapura,"Dammika Nilmini, Kotagala , Madatugama, Kakirawa",,
385,Nilmini,Kaushalya,Female,19 February 2000,E Beta Thalassemia,E/β Thal,O pos,alive,Kurunegala,,,Sinhala,Rideegama,Kurunegala,"P.B. Puswella, Puswella , Puswelithanna",,
386,Harriet,Mallika,Female,17 March 1959,E Beta Thalassemia,E β Thal,O pos,alive,Kurunegala,,,Sinhala,Rasnayakapura,Kurunegala,"Wanni rasnayakepura, Rasnayakapura",,
387,Shanika Piyumali,Pramasiri,Female,06 June 1986,Thalassaemia Intermedia,β Thalassaemia Intermedia,A pos,alive,Kurunegala,,,Sinhala,Maspotha,Kurunegala,"Sunil Premasiri, No. 20, 1 st. Lane, Rathkarawawa, Maspotha",,
388,K Dilshani,Perera,Female,22 July 2000,Beta Thalassaemia Major,Beta Thal major,B pos,,Ragama,,,Sinhala,Gampaha,Gampaha,"Ganga Nishathi, No. 314c, Sedawatta, Pamunugama",,
389,Sanjeewa,Laheru,Male,27/02/1990,Beta Thalassaemia Major,Beta Thalassaemia Major,O pos,Dead,Kurunegala,3/3/2015,Heart Failure,Sinhala,Maspotha,Kurunegala,"G.R. Gunawardanna, Temple Rd, Thithawalla, Kurunegala",,
390,Sachini,Madhuwanti,Female,18/12/1999,Beta Thalassaemia Major,Beta Thal major,A pos,Dead,Kurunegala,,,Sinhala,Palagala,Anuradhapura,"E.A. Anoma Dammyanthi, Miriyanpitigamma, Mahayaya Rd, Palagala",,
391,Anuradha,Thilakarathna,Male,07 April 1967,E Beta Thalassemia,E Beta Thalassemia,O pos,,Ragama,,,Sinhala,Maharagama,Colombo,"Nanda Thilakarathna, No. 13/15, Kadawala Rd, Pannipitigama",,
392,Chamara,Manuranga,Male,01 January 2000,Beta Thalassaemia Major,Beta Thalassaemia Major,,Dead,Kurunegala,17-05-2008,Brain Abscess,Sinhala,Ibbagamuwa,Kurunegala,,,
393,Kasun,Siriwardhana,Male,04.04.1987,E Beta Thalassemia,E Beta Thalassemia,,,Ragama,,,Sinhala,Padukka,Colombo,"L.B.S. Thilakarathna, No. 343/C , north Arukwatta, Paddukka",,
394,Sureka,Siriwardana,Female,04 April 1984,E Beta Thalassemia,E β Thalassaemia,,Dead,Kurunegala,1/1/2016,Liver Cancer,Sinhala,Padukka,Colombo,"L.B.S. Thilakarathna, No. 343/C , north Arukwatta, Paddukka",,
395,AM Dilanka,Lakmali,Female,13 January 1997,Beta Thalassaemia Major,Beta Thal major,B pos,,Ragama,,,Sinhala,Damana,Ampara,"J.M. Wimalawathi, Grama Anka, 03, Kuburegedara, Muwangala, Higurana",3M,
396,Thushara,Kelum,Male,09 September 1990,Beta Thalassaemia Major,Beta Thalassaemia Major,,Dead,Kurunegala,26/08/2011,Diabetes Heart Failure,Sinhala,Panduwasnuwara - West,Kurunegala,,,
397,Sanduni,Saumya,Female,19 September 2000,Beta Thalassaemia Major,β Thalassaemia major,A pos,alive,Kurunegala,,,Sinhala,Polpithigama,Kurunegala,"A.G. Premathilaka. Dunmiya, Halmillawa, Pansiyagama",3M,
398,Lasith,Gayashan,Male,17/08/1995,Beta Thalassaemia Major,β Thalassaemia major,,Dead,Kurunegala,6/3/2010,Diabetes,Sinhala,Bingiriya,Kurunegala,,,
399,Dineshika,Sandamali,Female,22-05-1995,Beta Thalassaemia Major,Beta Thalassaemia Major,,Dead,Kurunegala,5/1/2010,Diabetes,Sinhala,Giribawa,Kurunegala,,,
400,Nirna,Deshani,Female,27/04/1993,Sickle cell Disease ,HbS,,Dead,Kurunegala,1/1/2013,Infection,Sinhala,Ibbagamuwa,Kurunegala,"K.M. Nimal Karunarathna, Kalugamuwa, Hiriyala, Lenawa",,
402,R. Umesh,Sashika,Male,06 May 2000,Beta Thalassaemia Major,β Thal major,O pos,Dead,Kurunegala,12/5/2018,BMT,Sinhala,Polpithigama,Kurunegala,"H.P. Sriyani  Samarasingha,  , Doraweruwatta , Maleliya",,
403,RM Keesan,Madushanka,Male,01 January 1997,E Beta Thalassemia,E Beta Thalassemia,,alive,Kurunegala,,,Sinhala,Nikaweratiya,Kurunegala,"R.M. Rambanda, Olupaliyawa, Mahagirilla,",1Y3M,
404,A.P Sachini,Dilmika,Female,28/08/2000,Beta Thalassaemia Major,Beta Thal major,O pos,Dead,Kurunegala,2/6/2019,"Diabetes, High Ferritin, Anaemia",Sinhala,Kuliyapitiya - West,Kurunegala,"W.P. Niluka Priyangani, C/o. Wathegedara Stoers,  Wathegedara, Wawagama",,
405,Aroshani,Maduwanthi,Female,17 September 2000,Beta Thalassaemia Major,β Thalassaemia major,B pos,alive,Kurunegala,,,Sinhala,Polpithigama,Kurunegala,"H.D.M. Kusumawathi, Chandrasiri Stores, Polgahangoda, Pansiyagama",5M,2002
406,Pradeepika,Lakmali,Female,04 November 1990,Beta Thalassaemia Major,Beta Thalassaemia Major,O pos,Dead,Kurunegala,5/5/2012,Diabetes Heart Failure,Sinhala,Ibbagamuwa,Kurunegala,"T.D. Kirthi Jayapala, Madugala , wewtheraniwasa, Melsiripura",,
407,Ishini,Shehara,Female,02 October 2000,Beta Thalassaemia Major,β Thalassaemia major,O pos,alive,Kurunegala,,,Sinhala,Mawathagama,Kurunegala,"M.P. Samapth Somarathna, Muwankanda Rd, Meethanwala, front of The School, Mawathagam",6Y6M,
408,Priyantha,Kumara,Male,12 January 1990,Beta Thalassaemia Major,Beta Thalassaemia Major,,Dead,Kurunegala,26/07/2010,Heart Failure,Sinhala,Kekirawa,Anuradhapura,,,
409,Thakshila,Piumali,Female,27-05-1992,Beta Thalassaemia Major,Beta Thalassaemia Major,,Dead,Kurunegala,1/1/2007,Diabetes,Sinhala,Galgamuwa,Kurunegala,,,
410,MRM Shathima,Amra,Female,07 June 1997,Beta Thalassaemia Major,Beta Thal major,A pos,alive,Kurunegala,,,Muslim,Akurana,Kandy,"Fathima Rismila, No. 417/C , Bulugahathanna, Batugoda, Akurana",5M,
411,Fathima,Mursida,Female,03 November 2000,Beta Thalassaemia Major,Beta Thalassaemia Major,O pos,Dead,Kurunegala,20/10/2017,Lung Abecess,Muslim,Galewela,Mathale,"F. Mursida, No.82/27, Katulanda Rd, Gallewalla",,
412,Thiwanka Mahesh,Basnayaka,Male,23/08/2000,Beta Thalassaemia Major,Beta Thal major,O pos,Dead,Kurunegala,1/10/2023,,Sinhala,Nochchiyagama,Anuradhapura,"P. Ariyawathi, Halmillakulama, Dakunu Iwra, Nochichiyagama",3M,
413,M.Fazeena,,Female,13 February 1996,E Beta Thalassemia,E β Thalassaemia,A pos,alive,Kurunegala,,,Muslim,Galgamuwa,Kurunegala,"S.M. Mansur, No. 236, Jagama, Palu  kadawala, Galgamuwa",4Y6M,
414,Thisani,Bhagya,Female,30 March 1994,Beta Thalassaemia Major,β Thalassaemia major,AB pos,alive,Kurunegala,,,Sinhala,Naththandiya,Puttlam,"S.H. Nandasiri, Morakale Ihala, Kottaramulla",1Y8M,1995
415,S.W.Sudun,Indrajith,Male,17 September 2000,Beta Thalassaemia Major,β Thalassaemia major,B pos,alive,Kurunegala,,,Sinhala,Kurunegala,Kurunegala,"H.A.K. Nimal Karunararhna, ""Wada Niwasa"", Rangama, Walawa",10M,2001
416,Indunil,Warnasuriya,Female,28/03/1996,Beta Thalassaemia Major,Beta Thalassaemia Major,,Dead,Kurunegala,24/12/2011,Diabetes Heart Failure,Sinhala,Yatawatha,Mathale,"A.G. Chandralatha, No. 115, Aluthgama, Walawala",,
417,RAK Ranawaka,,Male,28.10.1963,Sickle cell Disease ,Homozygous HBS Disease,,alive,Kurunegala,,,Sinhala,Narammala,Kurunegala,"R.A.K. Ranawaka, Dambedeniya, Ma Oya",39Y,2002
418,H.K Nalin,Darshana,Male,03 November 1996,Beta Thalassaemia Major,β Thal major,O pos,Dead,Kurunegala,3/8/2018,Diabetes Heart Failure,Sinhala,Narammala,Kurunegala,"H.K. Nimalsiri, Isuru Land, 3step, Maravita, Dambadeniya",,
419,Tharuka,Dilhani,Female,04 April 1998,Beta Thalassaemia Major,Beta Thalassaemia Major,O pos,Dead,Kurunegala,30/06/2014,Meningitis,Sinhala,Kekirawa,Anuradhapura,"R.M. Punchi Banda, E. 59, Ramadagala, Kithulhitiyawa,",,
420,EM Gihani Kaveesha,Dilmini,Female,21 March 2001,Beta Thalassaemia Major,Beta Thal major,A pos,alive,Kurunegala,,,Sinhala,Madurankulama,Anuradhapura,"E.M. Ritas Ekanayake, Palliya Asala,Tharuna Viyaparaya, Madurankuliya",3M,
421,A Dilani,Rupika,Female,10 August 2001,Beta Thalassaemia Major,Beta Thal major,B pos,alive,Kurunegala,,,Sinhala,Polpithigama,Kurunegala,"A.M. Ariyaratna, Thalakolawawa, Polpithigama",1Y6M,
422,A.A.D Oshadi,Dilhara,Female,02 November 2000,Beta Thalassaemia Major,β Thal major,O pos,alive,Kurunegala,,,Sinhala,Polpithigama,Kurunegala,"A.M. Amara Priyangani, Bogahamula Junction, Thelambiyawa, Nikadalupotha",1Y4M,
423,U.A. Derik,Niroshan,Male,22 November 1995,Beta Thalassaemia Major,Beta Thal major,A pos,,Ragama,,,Sinhala,Wathegama,Kandy,"Sunethta Ramyalatha, No. 87, Elkaduwa, Rd, Waththegamma",,
424,Dislika Subashini,Rathnayata,Female,27 August 1998,E Beta Thalassemia,E β Thalassaemia,B pos,alive,Kurunegala,,,Sinhala,Polpithigama,Kurunegala,"W.M. Sunethra Wanninayake, Amila- Chamila, Niwasa, Kubukkadawala, Moragolllagama",3Y,
425,Dulakshi,Rathnayake,Female,01 January 2001,Beta Thalassaemia Major,Beta Thalassaemia Major,,Dead,Kurunegala,21-04-2008,Brain Abscess,Sinhala,Galgamuwa,Kurunegala,,,
426,H.D.Gihan,yenuka,Male,09 August 2000,E Beta Thalassemia,E Beta Thal,A pos,alive,Kurunegala,,,Sinhala,Kuliyapitiya - West,Kurunegala,"M.P.D.Wimalawathi, Giraketikumbura,Pahala Diyadora, Kuliyapitiya",8M,
427,M.Nuwanthima,Sathsarani,Female,01 January 2000,Beta Thalassaemia Major,Beta Thal major,,,Ragama,,,Sinhala,Anamanduwa,Puttlam,"M. Sugathapala, Periyakulama, Annamaduwa",,
428,L.Dilanka,Lakmali,Female,21 February 2000,Beta Thalassaemia Major,β Thalassaemia major,B neg,alive,Kurunegala,,,Sinhala,Nochchiyagama,Anuradhapura,"Udunuwara Janapadaya, Mery Mount, Nochchiyagama",4M,
429,S.B.M.Indra,kumari,Female,12 March 1973,E Beta Thalassemia,E/β Thalassaemia + hypothyroidism,AB pos,Dead,Kurunegala,26/08/2024,Abscess,Sinhala,Kurunegala,Kurunegala,"S.B.M. Indra Kumari ,Pahalathalatuwa,Wellawa.",,
430,Kavishka Dilshan,Maduranga,Male,05 July 2001,Alpha Beta Thalassemia,δ β Thalass major,A pos,,,,,Sinhala,Rideegama,Kurunegala,"S.W. Sunil Santha, No 30, Dedurunadigama,Ambakotte.",7M,
431,A.Sandun Dilshan,Premadasa,Male,05 February 2001,Beta Thalassaemia Major,β Thal Major,A pos,alive,Kurunegala,,,Sinhala,Higurakgoda,Polonnaruwa,"A. Premadasa, 9 Km post, Mahasengama, Sigiriya.",,
432,Indika,Warnasoriya,Male,01 January 1988,Beta Thalassaemia Major,Beta Thalassaemia Major,,Dead,Kurunegala,1/1/2005,Diabetes,Sinhala,Yatawatha,Mathale,,,
433,Samith Shehan,kularathne,Male,13 April 2001,Beta Thalassaemia Major,β Thalassaemia major,O pos,alive,Kurunegala,,,Sinhala,Ibbagamuwa,Kurunegala,"M.Y.Sarath Chandra Kularathna, Epilawa, Ibbagamuwa.",4M,
435,Kithmina,Gayanga,Male,04 March 1997,Beta Thalassaemia Major,Beta Thalassaemia Major,O pos,alive,Kurunegala,,,Sinhala,Rajanagane,Anuradhapura,"W.M. Sarath Amarasiri, No. 431, Nawagammanaya,Thabuththegama",3Y8M,
436,M.Thakshmila,Masuwanthi,Female,03 March 2001,Beta Thalassaemia Major,β Thal major,A pos,alive,Kurunegala,,,Sinhala,Nochchiyagama,Anuradhapura,"J.P. Mahinda Rajarathna, Siyabalagahagama, Udunuwara Janapadaya, Nochciyagama",4M,
437,M.A.Chathumini,Nathasha,Female,16 March 2001,E Beta Thalassemia,E Beta Thal,O pos,,Ragama,,,Sinhala,Kuliyapitiya - West,Kurunegala,"M.A. Ranjiyh Kumara, Ananda mawatta, Wlakumburamulla, Kuliyapitiya.",1Y,
438,A,Nushaa,Female,04.06.1997,E Beta Thalassemia,E Beta Thal,B pos,,,,,Muslim,Galewela,Mathale,"T.M. Asar, Bullanawawa , Dewahuwa",4Y,
439,H.M.Nethmini,Sithara,Female,09 March 2002,Beta Thalassaemia Major,Beta Thal major,A pos,Underwent BMT,,,,Sinhala,Wariyapola,Kurunegala,"H.M. Shantha Bandra, Sarannada Mawatta, Elavitigamma, Wariyapolla",,
440,Githika,Sewwandi,Female,15 April 1994,Sickle cell Disease ,Homozygous HBS Disease,,alive,Kurunegala,,,Sinhala,Kobeiygane,Kurunegala,"Damwita,Boraluwewa,Nikaweratiya.",5M,
441,Chinthaka,,Male,,Sickle cell Disease ,HbS,,,,,,Sinhala,Kobeiygane,Kurunegala,,,
442,P.G.Niroshani,,Female,11 June 2001,Beta Thalassaemia Major,β Thal major,A pos,alive,Kurunegala,,,Sinhala,Dambulla,Mathale,"H.A. Chandrani , C.o Nimal toer, Alakalawewa Rd , Wewalawewa, Dambulla",1Y6M,
443,Kavishka,Madushanka,Male,23 February 2001,Beta Thalassaemia Major,Beta Thal major,O pos,Dead,Kurunegala,13/05/2019,Diabetes,Sinhala,Ibbagamuwa,Kurunegala,"S. W. Aberathna , Welegeddra, Siyaballa wehara, Gokkaralla",,
444,Dilani,Sandamali,Female,01 January 1992,Beta Thalassaemia Major,Beta Thalassaemia Major,,Dead,Kurunegala,17-04-2007,Diabetes,Sinhala,Galgamuwa,Kurunegala,,,
445,K.M Madhushika,Madhuwanthi,Female,28/11/1998,Beta Thalassaemia Major,Beta Thal major,B pos,Dead,Kurunegala,14/12/2019,Heart Failure,Sinhala,Polpithigama,Kurunegala,"K.P. Priyantha Konara, No,18, Siyambalangamuwa,Maho.",,
446,W.K.Rashmi,Pabasara,Female,12 February 2002,Beta Thalassaemia Major,Beta Thal major,A pos,alive,Kurunegala,,,Sinhala,Ahetuwewa,Kurunegala,"D.M. Neranjala Sarojani, No.29, Wedinigama, Kudakathnoruwa, Meegaleewa",8M,
447,Piyumi Ayesha,Jayakodi,Female,25 August 2002,Beta Thalassaemia Major,β Thalassaemia major,B pos,alive,Kurunegala,,,Sinhala,Nawagaththegama,Puttlam,"J.A Ananda Jayakodi , Maha Andrawawa , Nawagathegamma",6M,
448,R.A.Harshana,Nuwan,Male,19 September 2002,Beta Thalassaemia Major,Beta Thal major,O pos,Underwent BMT,,,,Sinhala,Ibbagamuwa,Kurunegala,"R.A. Tikiri Banda, Uddathmmitta, Kiridigalla",11M,
449,Chatana,Nirmali,Female,02 October 1996,E Beta Thalassemia,E Beta Thalassemia,B pos,Dead,Kurunegala,1/5/2019,Heart Failure,Sinhala,Ibbagamuwa,Kurunegala,"Kiriwanayaya,Mole kade, Malsiripura.",,
450,Thilan,Sanjuka,Male,24 January 1991,E Beta Thalassemia,E Beta Thal,O pos,alive,Kurunegala,,,Sinhala,Giribawa,Kurunegala,"Siriwardana, Ihala giribawa, Galgamuwa.",6Y,
451,H.B.Piumi,Pavithra Dissanayaka,Female,12 May 2000,E Beta Thalassemia,E β Thal,A pos,Alive,Kurunegala,,,Sinhala,Alawwa,Kurunegala,"H.M. Rukman Disanayake, Wennaruwa,Wennaruwa.",1Y6M,
452,H.M.dilki,Pramodya,Female,28 June 2002,Beta Thalassaemia Major,β Thalassaemia major,B pos,Alive,Kurunegala,,,Sinhala,Giribawa,Kurunegala,"J.H. Upul Karunarathna, Wannikudawewa, Galgamuwa.",5M,
453,W.Umesh,Sankalpa,Male,13 May 2002,E Beta Thalassemia,E-β Thalassaemia,B pos,Alive,Kurunegala,,,Sinhala,Ganewaththa,Kurunegala,"Walawwatha, Pothuwila, Mahamukalanyaya",1Y8M,
454,Ishan,Maduwantha,Male,13 October 2002,Beta Thalassaemia Major,Beta Thal major,O pos,Alive,Kurunegala,,,Sinhala,Rajanagane,Anuradhapura,"K.M.D. Wikramajayalath Yaya15, pahalamaragahawawa, Rajanaganaya.",1Y,
455,Hasitha,Kularathne,Male,27/01/2003,Beta Thalassaemia Major,Beta Thal major,A pos,alive,Kurunegala,,,Sinhala,Kurunegala,Kurunegala,"A.P.P. kularatha , Dadupotha, Ginikarawa, wallawa",6M,
456,M.D Upendra,Nandani,Female,30/03/1983,Thalassaemia Intermedia,Beta Thalassemia Trait,O pos,,Ragama,,,Sinhala,Alawwa,Kurunegala,"Y.H.P. Somasenna , No.477, Galpothepolla, Alawwa",15Y,
457,Saman,Madushanka,Male,01 January 1992,Beta Thalassaemia Major,Beta Thalassaemia Major,,Dead,Kurunegala,1/1/2004,Diabetes,Sinhala,Mathale,Mathale,,,
458,Sagara,Maduranga,Male,11 January 1994,E Beta Thalassemia,HbE/β Thalassaemia,A pos,Alive,Kurunegala,,,Sinhala,Ibbagamuwa,Kurunegala,"E.M.Thilakarathne,Radunna Waththa, Kanawa, Mahamookalanyaya.",8M,
459,Nethmi,Hiranya,Female,09 April 2003,Beta Thalassaemia Major,β Thal major,B pos,Alive,Kurunegala,,,Sinhala,Kuliyapitiya - East,Kurunegala,"Calista Katugampolla ,Barigama,Nakkawatta.",2Y6M,
460,Sulaj,Kavinda,Male,12 November 2002,Beta Thalassaemia Major,β Thal major,A pos,alive,Kurunegala,,,Sinhala,Nikaweratiya,Kurunegala,"A.M. Darmasena ,Siyambalawa,Diwulgoda,Nikaweratiya",6M,
461,Nishal,Rangana,Male,15/06/2002,Beta Thalassaemia Major,Beta Thalassaemia Major,,Dead,Kurunegala,4/4/2017,Heart Failure,Sinhala,Alawwa,Kurunegala,"B.M. Rohini, P.B. Weththewa Mawatha, Singhegiri, Alawwa",,
462,R.M.Dalakshi,Ratnayaka,Female,01 April 2003,Beta Thalassaemia Major,β Thalassaemia major,B pos,Alive,Kurunegala,,,Sinhala,Ambanpola,Kurunegala,"R.M.P. Rathnayake, Wadumaduwa.Udagawa,Ambanpola",3M,
463,Chanuka Vimukthi,Amarathanga,Male,30 March 2001,Beta Thalassaemia Major,β Thal major,B pos,Alive,Kurunegala,,,Sinhala,Mihenathale,Anuradhapura,"D. Amarathunga, No 170/B Yaya 02,  Wam eura, Rabhawewa.",7M,
464,Dilshan Pasidu,wijesiri,Male,24 December 2002,Beta Thalassaemia Major,β Thal major,O pos,Alive,Kurunegala,,,Sinhala,Kuliyapitiya - West,Kurunegala,"I.P.D.Irangani, Wadugedara,Wewagama,Kuliyapitiya.",4M,
465,Sithum,Asinsana Priyadarishna,Male,11 January 2003,Beta Thalassaemia Major,Beta Thal major,O pos,alive,Kurunegala,,,Sinhala,Nalumawewa,Anuradhapura,"S.U.P. Somarathna, Pahalawawa, Idogama, Anuradhapura",,
466,S. Niranjala,Subhawikrama,Female,25/10/2001,Beta Thalassaemia Major,Beta Thal major,O pos,Underwent BMT,,,,Sinhala,Kuliyapitiya - East,Kurunegala,"S. Subawikrama, Lanka Rangedara, Bogamalla",,
467,K.D.N Isuru,Dananjaya,Male,05 May 2002,Beta Thalassaemia Major,β Thal major,A pos,alive,Kurunegala,,,Sinhala,Mawathagama,Kurunegala,"K.D.N.Jayasiri,Jayasiri newasa,Madawa,Pilassa.",1Y3M,
468,Piumi,Madhubashini,Female,19/10/2002,Beta Thalassaemia Major,Beta Thalassaemia Major,,Dead,Kurunegala,13/06/2016,Heart Failure,Sinhala,Polpithigama,Kurunegala,"R.P.D. Rukman Thennakoon No.639/3 , Galpothuyaya, Polpithigama.",,
469,Fathima,Ritka,Female,09 July 2002,Sickle cell Disease ,Sickel β Thalassaemia,B pos,Alive,Kurunegala,,,Muslim,Mawathagama,Kurunegala,"M. Rizwan No.105/1,Heenkanda,Kandy road,Parawadeniya,Wauda.",1Y2M,
470,Hashni,Imasha,Female,02 March 2003,Beta Thalassaemia Major,Beta Thal major,O pos,Underwent BMT,,,,Sinhala,Ganewaththa,Kurunegala,"R.M.Aruna Krishanthi, Front DC , Ganewatta, Nikadalupotha.",,
471,W.P Seneth,Deshitha,Male,10 July 2003,Beta Thalassaemia Major,Beta Thal major,O pos,Underwent BMT,,,,Sinhala,Nawagaththegama,Puttlam,"P. Rajakaruna, Kadurupitiya Dunumadalawa",,
472,A.M.M Sansala,Kumari,Female,01 May 2003,Beta Thalassaemia Major,Beta Thal major,O pos,Underwent BMT,,,,Sinhala,Polpithigama,Kurunegala,"B.M.Ramya Kumari,,Moroththa,Madahapola.",,
473,Nuwanthi,Sandamali,Female,04 August 2003,Beta Thalassaemia Major,β Thal major,B pos,Alive,Kurunegala,,,Sinhala,Maho,Kurunegala,"T.M. Mahinda Thennakoon, Abalegoda,Nagollagama, Maho",4M,
474,J.P Kalpana,Vidushani,Female,15 October 2003,Beta Thalassaemia Major,Beta Thal major,A Positive,Dead,Kurunegala,20/04/2023,AMI,Sinhala,Mawathagama,Kurunegala,"D.K. Jayasundra, No. Wicramasinhe pura ,Mawathagama",3M,2004
475,Sandeep,Kumara,Male,25/07/2001,E Beta Thalassemia,Hb E β Thalassaemia,A Positive,Dead,Kurunegala,8/9/2024,Pneumonia,Sinhala,Kuliyapitiya - West,Kurunegala,"J.A. Chaminda Kumara, Sarasavi,Kuraheragedara,Kirindawa.",2Y5M,2003
476,A.M Kalpani,Abhisheka,Female,27/08/2002,E Beta Thalassemia,E Beta Thalassemia,A pos,Alive,Kurunegala,,,Sinhala,Ahetuwewa,Kurunegala,"E.A.M. Ajith Kumara Dewata para, Kaduruwawa ,Ehatuwewa.",1Y6M,2004
477,Samadhi,Apeksha,Female,02 August 2023,Beta Thalassaemia Major,β Thal major,A pos,Alive,Kurunegala,,,Sinhala,Giribawa,Kurunegala,"W.A.M. Sisira Kumara , Kuda galkadawala, Thabuttha, Galgamuwa",2M,2003
478,Mohomed,Farshan,Male,26/08/2003,Beta Thalassaemia Major,Beta Thal major,O pos,alive,Kurunegala,,,Muslim,Ibbagamuwa,Kurunegala,"M. Faws, No.12, kadulawa  road, Ibbagamuwa.",5M,2004
479,S.M.Sandeesha,Pinmi,Female,23 September 2002,E Beta Thalassemia,HbE/β Thalassaemia,O pos,Alive,Kurunegala,,,Sinhala,Ganewaththa,Kurunegala,"S.M.Jayarthna,Nelum Pathgama,Nikadalupotha.",1Y4M,2004
480,Rumesh,Akalanka,Male,23/09/1990,Beta Thalassaemia Major,Beta Thalassaemia Major,,Dead,Kurunegala,24/07/2012,,Sinhala,Palagala,Anuradhapura,,,
481,Mohomed,Zayan,Male,03 April 2003,Beta Thalassaemia Major,β Thal major,O pos,alive,Kurunegala,,,Muslim,Bamunakottuwa,Kurunegala,"U.L Thamsir, Mirihanpitiya,Ethanawatta.",8M,2004
482,N.,Nirosha Sandamali,Female,11 September 2000,Beta Thalassaemia Major,Beta Thalassaemia Major,O pos,alive,Kurunegala,,,Sinhala,Diulapitiya,Gampaha,"H.D. Helan Dewika, 300, Pansala Road, Waradala, Kotadeniyawa",9M,2001
483,Dushantha Namal,Kumara,Male,28 February 1998,Beta Thalassaemia Major,β Thal major,O pos,Alive,Kurunegala,,,Sinhala,Diulapitiya,Gampaha,"H.D. Helan Dewika, 300, Pansala Road, Waradala, Kotadeniyawa",7M,1998
484,Janitha Prageeth,Bandara,Male,18 August 2003,Beta Thalassaemia Major,β Thalassaemia major,AB pos,alive,Kurunegala,,,Sinhala,Dambulla,Mathale,"Jayasiri Bandra ,Thalakote,Sigiriya.",6M,2004
485,K.G.Mandhushika,Chathurangi,Female,20 May 1998,Beta Thalassaemia Major,β Thal major,AB pos,alive,Kurunegala,,,Sinhala,Galewela,Mathale,"K.G. Jayathilaka,Kauarachigama,thalakiriyagama.",5Y9M,2004
486,S.R Nuwam,Ranasingha,Male,18/07/1987,Beta Thalassaemia Major,Beta Thalassaemia Major,,Dead,Kurunegala,9/8/2011,Diabetes Heart Failure,Sinhala,Galewela,Mathale,,,
487,G.Chalindu,Sachintha,Male,23 February 2002,E Beta Thalassemia,E β Thal,O pos,Alive,Kurunegala,,,Sinhala,Bingiriya,Kurunegala,"Amila Nishanthi, Vilaththawa,Bingiriya.",1Y5M,2003
488,Anuruddhika,Subhashini,Female,26 December 1992,E Beta Thalassemia,HbE/β Thalassaemia,O pos,Alive,Kurunegala,,,Sinhala,Madawachchiya,Anuradhapura,"W. Chandralatha Kadatha wewa,Pihibiyagolla,Madawachchiya.",11Y,2003
489,Hashan,Chamika,Female,03 May 2000,E Beta Thalassemia,E/β Thal,,Alive,Kurunegala,,,Sinhala,Anamanduwa,Puttlam,"A.H.M. Jayantha Sirithunga, Mariyagama,Anamaduwa.",3Y6M,2004
490,B.M. Akila,Salinga,Male,17 June 2003,Beta Thalassaemia Major,β Thal major,O pos,alive,Kurunegala,,,Sinhala,Wariyapola,Kurunegala,"B.M. Sunil Wikramasingha, No.01, Saththigama,Minuwangete.",8M,2004
491,Dulani,Rasanjalee,Female,16 October 2001,E Beta Thalassemia,E β Thalassaemia,O pos,alive,Kurunegala,,,Sinhala,Polpithigama,Kurunegala,"R.M. Dimithu Rathnayake, Rekaula, Thalakalawewa, Polpithigama.",2Y6M,2004
492,Ishan Prabath,Thennakoon,Male,08 April 1990,Beta Thalassaemia Major,β Thalassaemia major,O pos,alive,Kurunegala,,,Sinhala,Palugaswewa,Anuradhapura,"R.W.Thennakoon,Habarana Road, Palugaswewa.",6M,1990
493,Shahan,Kumara,Male,12 December 2001,Beta Thalassaemia Major,Beta Thalassaemia Major,,Dead,Kurunegala,11/1/2013,Kidney Abscess,Sinhala,Kotawehera,Kurunegala,,,
494,Sahana,Nazrin,Female,20/03/1999,Beta Thalassaemia Major,Beta Thal major,A pos,Alive,Kurunegala,,,Muslim,Pathadumabara,Kandy,"P.M. Shalahidee, 51, Ruby Mahal, Madawala Bazzar, Kandy",,
495,D.H.P.M.P.Chandrarathna,,Female,23 November 1991,Beta Thalassaemia Major,Beta Thal major,AB pos,Alive,Kurunegala,,,Sinhala,Hataraliyadda,Kandy,"D.C. Chandradasa, ,Pelena,Ehalagama,Hatharaliyadda.",,
496,Surinika,Dhananjani,Female,29/08/2003,Beta Thalassaemia Major,Beta Thal major,B pos,Alive,Kurunegala,,,Sinhala,Ahetuwewa,Kurunegala,"R. M. M.B Mahakubura, Mahaabogama,Galgamuwa",9M,2004
497,Kavishka,Sandaruwan,Male,02 February 2004,Beta Thalassaemia Major,β Thal major,O pos,alive,Kurunegala,,,Sinhala,Rambukkana,Kegalle,"J. Gamini Upul Gunathunga, Abasekara Mawatta, Wahawa, Rambukkana",4M,2004
498,R.M Dimuthu,Prasad,Male,12 February 2003,Beta Thalassaemia Major,Beta Thalassaemia Major,,Dead,Kurunegala,1/5/2016,Diabetes Heart Failure,Sinhala,Wennapuwa,Puttlam,"E.M. Thushari Priyadrashni, Negombo Road, Morokkuliya, Dankotuwa",,
499,W.A Singith Salitha,Himakara,Male,05 June 2003,Beta Thalassaemia Major,Beta Thal major,B pos,Underwent BMT,,,,Sinhala,Kuliyapitiya - West,Kurunegala,"Nilantha Laxman,  Pahalakalugamuwa , Kuliyapitiya",,
500,Piumal,Nuwandica,Male,23/01/2003,E Beta Thalassemia,E Beta Thalassemia,,Alive,Kurunegala,,,Sinhala,Kandy,Kandy,Vajira Rupika 47/4 G Lady Maclum Road - Kandy,,
501,Fathima,Asifa,Female,21 March 2003,Beta Thalassaemia Major,β Thal major,A pos,Alive,Kurunegala,,,Muslim,Akurana,Kandy,"M.H.M. Frashan , No, 416, Bulugoho Thanna, Batugoda",7Y6M,
502,W.L.Lisumi,Kavithma,Female,29 June 2003,Beta Thalassaemia Major,β Thal major,O pos,Alive,Kurunegala,,,Sinhala,Kuliyapitiya - West,Kurunegala,"M.M.P.K. Siriwardana, Deeyawala, Wawagama , Kuliyapitiya",1Y,2004
503,Sauru Ruddhima,,Male,10 May 2000,E Beta Thalassemia,Hb E/β Thalassaemic,,Alive,Kurunegala,,,Sinhala,Maho,Kurunegala,"H.M.K. Muthubanda, Prajamawatha, Makaduwawa",4Y3M,2004
504,Vimukthini,Punsara,Female,10 February 2004,Beta Thalassaemia Major,β Thal major,O pos,Alive,Kurunegala,,,Sinhala,Thambuththegama,Anuradhapura,"O.G. Susantha Kumara, Kolonkella, Koonwewa, Thambuththegama",5M,2004
505,Ravindu,Maduranga,Male,25 April 2003,Beta Thalassaemia Major,β Thal major,AB pos,Alive,Kurunegala,,,Sinhala,Maho,Kurunegala,"R.M. Thilakarathan , No21/1 Pailigama, Maho",3M,
506,Dinush,Rukshan,Male,06 December 2002,E Beta Thalassemia,E Beta Thalassemia,O pos,Alive,Kurunegala,,,Sinhala,Katugasthota,Kandy,"R.A.SubhashiniPrihanga,No.157/2, Uduwawala, Katugasthota",1Y6M,2002
507,Ravindu Deshan,Vasnayaka,Male,17/07/2002,Beta Thalassaemia Major,Beta Thal major,O pos,Underwent BMT,,,,Sinhala,Padawiya,Anuradhapura,"W.R.Dhammika Saman Kumari,No.299/A,Mihindu Mawatha, Padaviya,Parackramapura",,
508,B.M Srimal,kawinda,Male,05 May 2001,Alpha Beta Thalassemia,δ β Thalassaemia,,Alive,Kurunegala,,,Sinhala,Nikaweratiya,Kurunegala,"H.M. Nilmini Hearath, Wadumanduwa, Meewellawa, Nikaweratiya",3Y,2004
509,P.G Tharindu Hemal,Wanasinghal,Male,23/10/1997,Beta Thalassaemia Major,Beta Thal major,O pos,,Ragama,,,Sinhala,Galewela,Mathale,"P.G. Jayantha Wanasinghe, 19B,1/1, Kanda Uda Niwasa, Dandubendiruppa, Dewahuwa",4M,1998
510,Siromi,Shasikala,Female,20-10-1994,Beta Thalassaemia Major,Beta Thalassaemia Major,,Dead,Kurunegala,24-12-2008,Diabetes,Sinhala,Kuliyapitiya - West,Kurunegala,,,
512,M.,Umair,Male,28/11/2003,Beta Thalassaemia Major,Beta Thal major,O pos,Alive,Kurunegala,,,Muslim,Katugasthota,Kandy,"Fahim, 139, Kurunegala Road, Katugasthota,",6M,2004
513,H.M Sanjeewa,Herath,Male,13/03/1995,Sickle cell Disease ,Homozygous HBS Disease,,,Ragama,,,Sinhala,Nikaweratiya,Kurunegala,"Y.M.Siriyalatha,Ambalayagama,Hengamuwa",,
514,M.T,Roshini,Female,04 April 2000,Beta Thalassaemia Major,Beta Thal major,AB pos,,Ragama,,,Sinhala,Raththota,Mathale,"Neranjani Ashoka, No.345, Udaweragama, Kaikawala, Mathale",6M,2000
515,B.Sudarika,Sanjeewani,Female,15 February 1992,Thalassaemia Intermedia,Thal Intermedia,B pos,Alive,Kurunegala,,,Sinhala,Dankotuwa,Puttlam,"C/o B. Deepika Lilani , Dombadahawatta Janapadaya , Gonawila , Dankotuwa",4Y6M,1996
516,P. Nethmi Nirasha,Sandamali,Female,04 August 2004,Beta Thalassaemia Major,Beta Thal major,B pos,Alive,Kurunegala,,,Sinhala,Bamunakottuwa,Kurunegala,"P. Sarath Kumara, Dsmmitiya, Dslupathyaya, Ethanawatta",3Y6M,2004
517,Rev.N,Dhammarathnna,Male,06 June 1983,Other,Congenital dyserythropoietic anemia,AB pos,,Ragama,,,Sinhala,Ibbagamuwa,Kurunegala,"Udanwita , Melsiripura",,
518,Kumuduni,Sandamali,Female,01 January 1986,Beta Thalassaemia Major,Beta Thalassaemia Major,,Dead,Kurunegala,28-03-2008,Diabetes,Sinhala,Mawathagama,Kurunegala,,,
520,Eshan,Sandarungi,Male,02 August 1999,E Beta Thalassemia,E/β Thal,,Alive,Kurunegala,,,Sinhala,Wariyapola,Kurunegala,"H.M. Sisira Senarathna, Siyabalakela , Wariyapola",4Y4M,
521,I.M Vimukthi,Ravihansa,Male,24 May 2002,Beta Thalassaemia Major,Beta Thal major,,alive,Kurunegala,,,Sinhala,Dodamgoda,Kaluthara,"I.M. Thilak Puspa Kumara , ramuna doga  , Kaluthara South",,
522,Nirmal,Madushanka,Male,01 January 1987,Beta Thalassaemia Major,Beta Thalassaemia Major,,Dead,Kurunegala,9/11/2008,Heart Failure,Sinhala,Kelaniya,Colombo,,,
524,Thilina,Randeniya,Male,04 April 1980,Beta Thalassaemia Major,Beta Thalassaemia Major,,Dead,Kurunegala,22-11-2005,AMI,Sinhala,Kuliyapitiya - West,Kurunegala,,,
525,Nirmal,Maduwantha,Male,24/05/1999,Beta Thalassaemia Major,Beta Thalassaemia Major,A pos,Dead,Kurunegala,12/10/2014,Diabetes,Sinhala,Horowpathana,Anuradhapura,"C/O Nilmini Indra Kumari , Dematawawe , Hohowpathana",,
526,Inoka,Madushani Gamlath,Female,26 March 1986,E Beta Thalassemia,Hb E Thalassaemia,AB pos,alive,Kurunegala,,,Sinhala,Narammala,Kurunegala,"H.M.Malani Menike , Ihalamadagoda , Narammala",6Y6M,1992
527,Samedu,Satsara,Male,26/05/2004,Beta Thalassaemia Major,Beta Thal major,O pos,Underwent BMT,,,,Sinhala,Rideegama,Kurunegala,"E.D. Anil nishantha Premarathna , Jayakaduwa , Pussalithanna",,
528,Yashoda,Wimarsh,Female,01 October 2005,Beta Thalassaemia Major,β Thal major,O pos,alive,Kurunegala,,,Sinhala,Rambukkana,Kegalle,"Suvinetha Dayani Marasingha , Singha giri , Beligodapitiya , Rabukkana",2M,2004
529,P.N.Asintha,Dilhara,Male,05 September 2005,Beta Thalassaemia Major,β Thal major,A pos,alive,Kurunegala,,,Sinhala,Nawagaththegama,Puttlam,"P.M. Wijerathna , Nanda Uda kade , Thmmanana watiya , Nawagaththegama",2Y6M,2005
530,H.M,Rusiru Vilochana,Male,31 December 2002,Beta Thalassaemia Major,Beta Thalassaemia Major,O pos,Alive,Kurunegala,,,Sinhala,Mathale,Mathale,"H.M. Jayantha Bandara ,Makulussawatta, Dombawalla , Mahawela , Matale",3M,2003
531,Waruna,Wijekoon,Male,17.05.1975,Beta Thalassaemia Major,Beta Thal major,,,Ragama,,,Sinhala,Kaduwala,Colombo,"Waruna Wijekon , 241/A 1, Kakirideniya road ,Kothlawela , Kaduwale",,
532,Buddhika,Chaturanga,Male,09 August 1998,Beta Thalassaemia Major,Beta Thal major,B pos,Alive,Kurunegala,,,Sinhala,Anuradhapura,Anuradhapura,"Janaka Wejerathna , Makkichchawa , Seeppukulama , Anuradahapura",,
533,A. Ashik,Hamed,Male,30 April 2004,E Beta Thalassemia,E Beta Thalassemia,O pos,alive,Kurunegala,,,Muslim,Galewela,Mathale,"M.T. Rinusha, 13/4 Bulanawawa, Madipolla",7M,2004
534,Dineshika,Karagala,Female,01 January 1986,Beta Thalassaemia Major,Beta Thalassaemia Major,,Dead,Kurunegala,12/7/2007,,Sinhala,Kuliyapitiya - East,Kurunegala,,,
535,Wimukthi,Ekanayaka,Male,17 April 2004,Beta Thalassaemia Major,β Thalassaemia major,O pos,Alive,Kurunegala,,,Sinhala,Giribawa,Kurunegala,"E.M. Nimal Ekanayake (Guru), Kudagalkadawala, Thabuttha, Galgamuwa",9M,2005
536,T.M Kasuni,Harshani,Female,07 September 2004,Beta Thalassaemia Major,β Thal major,O neg,Alive,Kurunegala,,,Sinhala,Ganewaththa,Kurunegala,"T.M. Sarath Kumara Maru Gedara ,Kanawa,Mahamookalanyaya",5M,2005
537,Nipuni,Kaushalya,Female,24/08/2001,E Beta Thalassemia,E Beta Thalassemia,O pos,Alive,Kurunegala,,,Sinhala,Polpithigama,Kurunegala,"H.M. Dayarathna Bandara , Waligoda  , Polpithigama",1Y6M,2005
538,T.M Chathurika,Kalpan,Female,05 June 2004,Beta Thalassaemia Major,β Thal major,A pos,Alive,Kurunegala,,,Sinhala,Polgahawela,Kurunegala,"T.M. Gunarathna ,Karabagala, Mawathgama, Pothuhara",9M,2005
539,Nuwan,Wijesinghe,Male,08 February 2004,Beta Thalassaemia Major,Beta Thal major,O pos,Alive,Kurunegala,,,Sinhala,Polpithigama,Kurunegala,"W.Anishantha Wijesingha, Rawa Ela, Makulpotha",6M,2005
540,Nisitha Sandeepa,Jayawikrama,Male,15 October 2004,E Beta Thalassemia,E β Thalassaemia,B pos,Alive,Kurunegala,,,Sinhala,Maspotha,Kurunegala,"M. Champika Vinodani, Munasinga Weladasala, Vilgamgematawa, Wallagalla",4M,2005
541,Duleesha,Nishadani,Female,05.00.2003,E Beta Thalassemia,E Beta Thalassemia,,,,,,Sinhala,Kurunegala,Kurunegala,No,,
542,Dananjani,Kumari,Female,22 July 1999,E Beta Thalassemia,Hb E Thalassaemia,A pos,Alive,Kurunegala,,,Sinhala,Katugasthota,Kandy,"P.A . Yataware , Ulladupitiya , Warallagama ,",9M,2000
543,W.M Rashmi,Wijenayaka,Female,10 December 2000,E Beta Thalassemia,E Beta Thalassemia,,,Ragama,,,Sinhala,Panduwasnuwara - West,Kurunegala,"W.M.Pradeep Kumara, no.10/6, Kulihapitiya Road, Hettipola.",5M,2005
544,Hashita,Pradeep,Male,29/12/2001,Beta Thalassaemia Major,Beta Thalassaemia Major,A pos,Dead,Kurunegala,21/04/2014,Diabetes Heart Failure,Sinhala,Udubaddawa,Kurunegala,,,
545,A.D Adeesh,Pramod,Male,29 December 2004,Beta Thalassaemia Major,Beta Thal major,B pos,Dead,Kurunegala,5/11/2023,,Sinhala,Kuliyapitiya - West,Kurunegala,"A.D. Upali Wijesooriya , Vihara Mawatha , Pitadeniya , Kuliyapitiya",,
546,Kavinidi,Jayodya,Female,17/11/2004,Beta Thalassaemia Major,Beta Thal major,O pos,Underwent BMT,,,,Sinhala,Ibbagamuwa,Kurunegala,"W.M.P.G.C. Dewika Wanasinhe, Pannala, Galayaya, Ibbagamuwa",,
547,Charuka,Lakshan,Male,27/06/2003,Beta Thalassaemia Major,Beta Thalassaemia Major,A pos,Dead,Kurunegala,25/06/2014,Diabetes Heart Failure,Sinhala,Horowpathana,Anuradhapura,"Sesira Wasantha senavirathna , Sinhala walahavidda wawe, Madawacchiya rd Anuradhapura",,
548,Nirmal,Harshana,Male,28 July 2004,Beta Thalassaemia Major,Beta Thal major,A pos,Alive,Kurunegala,,,Sinhala,Nikaweratiya,Kurunegala,"H.M.K.G. Hearth , Thissogedara Nabadawa , Nikawaratiya",7M,2005
549,R.D.Hashini Sunethra,Rajapaksha,Female,15 December 2004,Beta Thalassaemia Major,β Thal major,B pos,alive,Kurunegala,,,Sinhala,Ibbagamuwa,Kurunegala,"A.M. Sumetha Nilmini,  No. 98 Madalanda  Henegedara Ibbagamuwa",6M,2005
550,Amila,Ranasingha,Male,31/01/1984,Beta Thalassaemia Major,Beta Thalassaemia Major,,Dead,Kurunegala,24/07/2010,,Sinhala,Yakkala,Gampaha,,,
551,M.P.D Sahan,Wickramasingh,Male,02 February 2005,Beta Thalassaemia Major,β Thalassaemia major,O pos,Alive,Kurunegala,,,Sinhala,Polpithigama,Kurunegala,"M.P.D. Wickramasingha , Weeragolla , Maeliya , Polpithigama",8M,2005
552,K.G.Sanduni,Hansamali,Female,15 January 2004,Beta Thalassaemia Major,β Thal major,B pos,Alive,Kurunegala,,,Sinhala,Galewela,Mathale,"K.G. Jayathilaka,Kauarachigama,thalakiriyagama.",1Y,2005
553,Safna,Harshikar,Male,10 February 2005,Beta Thalassaemia Major,Beta Thal major,O pos,Underwent BMT,,,,Sinhala,Trinco,Trinco,"S. Siwamurthi , No 463 / 4 ,Upuwal , Trincomalee",,
554,Prabhath,Prasanga,Male,24/08/1991,Beta Thalassaemia Major,Beta Thal major,O pos,,Ragama,,,Sinhala,Wariyapola,Kurunegala,"H.M.K. Kalyani Menike , Pahalaelawitiama , Wariyapola",,
555,Nadeeshani,Thessakoos,Female,04 March 1999,E Beta Thalassemia,E β Thalassaemia,A neg,Alive,Kurunegala,,,Sinhala,Panduwasnuwara - West,Kurunegala,"Padmini Kumari Thennakoon , Malagane walawwa , Hettipola",,2003
556,Sampad,Asela,Male,19/12/1989,Beta Thalassaemia Major,Beta Thal major,A pos,,Ragama,,,Sinhala,Thalawa,Anuradhapura,"Daphne Seott , No 39 , 16 mills pot Ihalaseyabalawa , eppawala",5M,1990
557,Dewaprasad,Dissanayaka,Male,15/02/2002,Beta Thalassaemia Major,Beta Thal major,B pos,,Ragama,,,Sinhala,Thalawa,Anuradhapura,"Daphne Seott , No 39 , 16 mills pot Ihalaseyabalawa , eppawala",4M,2002
558,M.M. Nimesh,Lakshan,Male,15/12/2004,Beta Thalassaemia Major,Beta Thal major,O pos,Alive,Kurunegala,,,Sinhala,Nawagaththegama,Puttlam,"M.M. Somavira Dhammathilaka Warnasooriya, Miyallawa, Nawagaththegama",1Y,2005
559,Indika,Rathnayaka,Male,02 December 1981,Beta Thalassaemia Major,Beta Thalassaemia Major,,Dead,Kurunegala,27/05/2011,Diabetes Heart Failure,Sinhala,Nochchiyagama,Anuradhapura,,,
560,Dewmini Koshala,Kularathna,Female,29 November 2004,Beta Thalassaemia Major,β Thalassaemia major,B pos,Alive,Kurunegala,,,Sinhala,Ibbagamuwa,Kurunegala,"S.B.Sunethra Rajapaksha,Ipalawa,Ibbagamuwa",1Y6M,2005
561,D.G.K Chamara,Pradeep,Male,01 June 1995,Beta Thalassaemia Major,Beta Thalassaemia Major,,Dead,Kurunegala,12/11/2009,,Sinhala,Pannala,Kurunegala,No,,
562,Safna,Pivyanjalee,Female,05 September 1999,E Beta Thalassemia,E/β Thalassaemia,,Alive,Kurunegala,,,Sinhala,Kurunegala,Kurunegala,"J.M. Chithra Kumari , Ihalanakalagamuwa, Kohilagedara , Kanda",6Y,2005
563,Shehan,Induranga Jayalath,Male,25/07/2005,E Beta Thalassemia,E Beta Thal,A pos,Alive,Kurunegala,,,Sinhala,Kuliyapitiya - West,Kurunegala,"J.A.C.K. Jayalath , Kuruhara Gedara, Kirindawa",6M,2006
564,A.R.P Nilami,Gunaratna,Female,23/09/1992,Beta Thalassaemia Major,Beta Thal major,B pos,,Polonnaruwa,,,Sinhala,Higurakgoda,Anuradhapura,"I.R.P. Gunarathna, No 16 , Yaya 07 , Nagapokuna, jayanthipura, Polonnaruwa",,
565,Pojani,Pathirana,Female,26 September 1986,Beta Thalassaemia Major,Beta Thal major,O neg,,Ragama,,,Sinhala,Mahara,Gampaha,"M.P. Pathira, No. 94 , Siwralumullam, Nadungamuwa",,
566,P.A.Nirmal,Sasanka,Male,13/02/2001,E Beta Thalassemia,HbE/β Thalassaemia,O pos,Alive,Kurunegala,,,Sinhala,Katana,Colombo,"No 224/C, Iddagodalla Kibulapitiya,",3Y8M,2005
567,Amodya,Fernando,Female,10 May 2005,Beta Thalassaemia Major,Beta Thal major,B pos,Underwent BMT,,,,Sinhala,Pannala,Kurunegala,"H. Sarath Nishanth Frenando , No 377, Halpane Giriulla",,
568,Fathima,Hana,Female,25/04/2005,Beta Thalassaemia Major,β Thal major,A pos,Alive,Kurunegala,,,Muslim,Panduwasnuwara - West,Kurunegala,"S.M. Mawjurr, Ahatumulla, Pihibiyarathmala",6M,2005
569,Mihiri,Ekanayake,Female,28/09/1992,Beta Thalassaemia Major,β Thal major,,Dead,Kurunegala,30/12/2018,,Sinhala,Thalawa,Anuradhapura,"E.M.R.B. Ekanayake , Madiyawa, Eppawala",,
570,Fathima,Rizna,Female,16 April 1988,Beta Thalassaemia Major,β Thal major,O pos,Alive,Kurunegala,,,Muslim,Nikaweratiya,Kurunegala,"A.C. Hanifa, No 40/19, Maha Ala Para, Nikawaratiya",3M,1988
571,Prasanjali,Kumari,Female,05 August 2005,Beta Thalassaemia Major,Beta Thal major,O pos,Alive,Kurunegala,,,Sinhala,Ganewaththa,Kurunegala,"H.M. Anurudha Bandara Hearth , Horowwa Gegara, Kanawa, Mahamukalanyaya",2Y6M,2005
572,Sewwandi,Disanayaka,Female,12 June 2003,Hb H Disease,HB DS,,Alive,Kurunegala,,,Sinhala,Nochchiyagama,Anuradhapura,"Thissa Dissanayake , Manel wawa, Nochchiyagama, Anuradhapura",,
573,Kavya,Nethsarani,Female,23 June 2005,Beta Thalassaemia Major,β Thal major,O pos,Alive,Kurunegala,,,Sinhala,Maho,Kurunegala,"I.M.K. Hemanthi Manel Kumari, Wewvana, Tammitagama, Maho",4M,2005
574,S.V Kavinda,Semasinghe,Male,01 October 1991,Beta Thalassaemia Major,Beta Thal major,B pos,Alive,Kurunegala,,,Sinhala,Ahetuwewa,Kurunegala,"W.K. Semasinghe, Ajantha, Mudiyannehagama, Kudakathnoruwa, Meegalewa",5M,1992
575,M. Sewmina,Muthunayake,Male,24/06/2005,Beta Thalassaemia Major,Beta Thalassaemia Major,,Dead,Kurunegala,24/09/2017,Meningitis,Sinhala,Ibbagamuwa,Kurunegala,"K.D Shirani jayasena, Wathumeda, Hipawwa, Kumbukwewa",,
576,Tsuru,Madushan,Male,10 March 2001,E Beta Thalassemia,HbE/β Thalassaemia,B pos,Alive,Kurunegala,,,Sinhala,Wariyapola,Kurunegala,"R.M. Gamini Wasantha Bandara, Werella, Padeniya",4Y,2006
577,Chanuka Bandara,Peeligama,Male,29 April 2005,Beta Thalassaemia Major,β Thal major,O pos,Alive,Kurunegala,,,Sinhala,Meerigama,Gampaha,"H.M.T. Peeligama, No.110, Mihindu Mawatha, Pallewela",,
578,Wasantha,Pathiraja,Male,30/09/1977,E Beta Thalassemia,E Beta Thal,,,Ragama,,,Sinhala,Narammala,Kurunegala,"H.P.Thomas, Pallegama, Weragala,Narammala",,
579,M.P.Uditha,Nirmal weerasinghe,Male,05 June 2005,Beta Thalassaemia Major,β Thal Major,A pos,Alive,Kurunegala,,,Sinhala,Wariyapola,Kurunegala,"M.P.S. Weerasena, 250/2, Meduwagama, Padeniya",7M,2006
580,Manoj,Bhathiya,Male,28/10/2005,Beta Thalassaemia Major,Beta Thal major,O pos,Underwent BMT,,,,Sinhala,Alawwa,Kurunegala,"K.N. Sarath Pamasiri, Hungamuwa, Meddegama,Yatigaloluwa",,
581,Jasmina,Bhanu,Female,13/09/2005,Beta Thalassaemia Major,Beta Thal major,B pos,Alive,Kurunegala,,,Muslim,Maho,Kurunegala,"S.Siththi Riyasa, School Road, Madapokuna, Maho",4M,2006
582,Fatema,Hasna,Female,25/04/1994,Beta Thalassaemia Major,Beta Thal major,B pos,,,,,Muslim,Puttlam,Puttlam,"S.A.A.Bazeer,1/994,Mullipurama,Puttlam",,
583,Hirun,Rukmal Samankula,Male,08 July 2005,Beta Thalassaemia Major,β Thalassaemia major,A pos,Alive,Kurunegala,,,Sinhala,Ibbagamuwa,Kurunegala,"A.D. Upul Samankula, Kadumulla, Hipawwa, Kumbukwewa",8M,2006
584,E.D.Ishara,Dilshan,Male,16 September 2005,Beta Thalassaemia Major,β Thal major,O pos,Alive,Kurunegala,,,Sinhala,Polpithigama,Kurunegala,"E.D. Roshan Senavirathna, Makulpotha Road",7M,2006
585,Nimesh,Ravindu,Male,13 November 2004,E Beta Thalassemia,HBE/β Thalassaemia,A pos,Alive,Kurunegala,,,Sinhala,Polpithigama,Kurunegala,"B.M. Mahinda, Basnayake, Borawewa, Moragollagama",1Y,2005
586,Arham,,Male,01 January 1998,Beta Thalassaemia Major,Beta Thalassaemia Major,,Dead,Kurunegala,1/1/2007,,Muslim,Akurana,Kandy,No,,
587,R.Jadushan,,Female,17 August 2005,Beta Thalassaemia Major,β Thalassaemia major,B pos,Alive,Kurunegala,,,Tamile,Puttlam,Puttlam,"S.Rajendra Kumar, No.80/7, Iguruwaththa Road, Puttlam",3M,2005
588,Kalani Neranjana,Herath,Female,02 June 2006,Beta Thalassaemia Major,β Thal major,A pos,Alive,Kurunegala,,,Sinhala,Pallepola,Mathale,"I.G.H.Senavirathna, 76A, Akurambada, Mathale",3M,2006
589,R.D.Pramod,Madushan Thennakoon,Male,30 October 2005,Beta Thalassaemia Major,β Thal major,A pos,Alive,Kurunegala,,,Sinhala,Polpithigama,Kurunegala,"R.D.Rukman Tennakoon, 639/3, Galpothuyaya, Polpithigama",5M,2006
590,Dinelka,Prabhashwari,Female,05 August 2003,E Beta Thalassemia,E Beta Thal,A pos,alive,Kurunegala,,,Sinhala,Madawachchiya,Anuradhapura,"Ranjith Kumara Herath, Helambawewa, Dunumdalawa",8M,2004
591,Fathma,Fashlina,Female,01 January 1998,Other,Other,,Dead,Kurunegala,14-05-2007,,Muslim,Mallawapitiya,Kurunegala,No,,
592,U.A.,Wimalawathi,Female,31 May 1974,Thalassaemia Intermedia,β Thalassaemia trait with high HbF,AB pos,Alive,Kurunegala,,,Sinhala,Mawathagama,Kurunegala,"U.A. Wimalawathi, No.97, Welikumbura, Mawathagama",28Y,2003
593,Kaveesha,Dilshan Ratnayaka,Male,22 June 2005,E Beta Thalassemia,E/β Thalasseamia,O pos,Alive,Kurunegala,,,Sinhala,Ibbagamuwa,Kurunegala,"D.M. Rupika kumari Dahanaka, Ganegoda, Kumbukwewa",11M,2006
594,Charunni,Apsara,Female,02 November 2001,Beta Thalassaemia Major,Beta Thal major,AB pos,Underwent BMT,,,,Sinhala,Manikhinna,Anuradhapura,"E.D.K. Perera, No.05, Arangala, Naththaranpotha",,
595,N.M Sandeepani,Jayasekatra,Male,06 December 2005,Beta Thalassaemia Major,Beta Thal major,A pos,Alive,Kurunegala,,,Sinhala,Mawathagama,Kurunegala,"R.Geethanjali Rajapaksha, 119/A,Delgollawaththa, Mawathagama",,
596,S,Fasilina,Female,07 May 1997,Sickle cell Disease ,HB S/Beta thalassemia,B pos,Alive,Kurunegala,,,Muslim,Kinniya,Trinco,"M.S. Nahaima, Elil Arungu Mawatha, Kinniya - 01",2Y6M,2000
597,Fathima,Afda,Female,03 August 2004,Other,Pure Red Cell Aplasia,,Dead,Kurunegala,1/1/2008,,Muslim,Thiththiripitiya,Kandy,No,,
598,W.M,Karunarathna,Male,19/02/1981,E Beta Thalassemia,E/β Thal,,Alive,Kurunegala,,,Sinhala,Kuliyapitiya - West,Kurunegala,"W.M. Sugath Priyantha, Handawakaroda, Kirindawa",25Y,2006
599,Rasika Jeewani,Kumari,Female,19/06/1989,Thalassaemia Intermedia,Thal Intermedia,O pos,Alive,Kurunegala,,,Sinhala,Warakapola,Kegalle,"I.D. Sasika Jeewani Kumari,Maragahamulahena,Nape,Nelumdeniya",7Y,1996
600,Champika,Samankumari,Female,21/07/1994,E Beta Thalassemia,E Beta Thal,B pos,Alive,Kurunegala,,,Sinhala,Nawagaththegama,Puttlam,"R.P.D.Annada Kumarapala, Palathuru Gammanaya, Inginimitiya",12Y,2006
601,D.T Darmapal,Dissanayaka,Male,20/10/1960,E Beta Thalassemia,E Beta Thalassemia,O Positive,Dead,Kurunegala,10/2/2020,,Sinhala,Thalawa,Anuradhapura,"No.60,Eliyadiulwewa, Eppawala",,
602,H.P Sachini,Kumari,Female,01 October 2003,Thalassaemia Intermedia,Thal Intermedia,B pos,,Ragama,,,Sinhala,Alawwa,Kurunegala,"N.P. Chaminda Nuwaragedara, No.54, Jaam Waththa, Humbuluwa,Alawwa",,
603,R Nethmi Thathsarani,Wijewarbhana,Female,23/06/2005,Beta Thalassaemia Major,Beta Thal major,O pos,,,,,Sinhala,Naula,Mathale,"R. Leelalanda, Pasala Asala Niwasa, Maragamuwa, Pubbiliya, Mathale",,
604,Fathima,Nismiya,Female,12 October 1983,E Beta Thalassemia,E Beta Thalassemia,B pos,,Chilaw,,,Muslim,Puttlam,Puttlam,"M.M. Asar, Singhe Nagawillu, Karathiw, Puthlam",19Y,2006
605,Akash Tharaka,Sandaruwan,Male,14 June 2006,Beta Thalassaemia Major,β Thal major,AB pos,Alive,Kurunegala,,,Sinhala,Narammala,Kurunegala,"I.M. Ananda, No.234, Negambo Road, Metiyagane",3Y6M,2006
606,Menuka,Priyadarshani,Female,31-10-1984,E Beta Thalassemia,E Beta Thalassemia,,alive,Kurunegala,,,Sinhala,Maho,Kurunegala,No,23Y,
607,Dinusha,Sugandi,Female,28 April 2006,Beta Thalassaemia Major,β Thal major,O pos,Alive,Kurunegala,,,Sinhala,Nikaweratiya,Kurunegala,"P. Jayasiri Ekanayaka, Kapurena, Galagedra, Nikaweratiya",,
608,Malith,Jayashan,Male,12 December 2005,Beta Thalassaemia Major,Beta Thal major,O pos,Underwent BMT,,,,Sinhala,Maspotha,Kurunegala,"U.B. Kawamma, No. 108, Gonagama, Alupothagama, Kurunegala",,
609,Fathima,Rimani,Female,02 July 2004,Beta Thalassaemia Major,β Thal major,AB pos,Alive,Kurunegala,,,Muslim,Galewela,Mathale,"J.M. Ramshan, No.125/1,Nabadagahawaththa, Galewela",,
610,Nadee,Shyamila,Female,22.12.2005,E Beta Thalassemia,E Beta Thalassemia,A pos,Alive,Kurunegala,,,Sinhala,Ambanpola,Kurunegala,"H.M. Kusumawathi, Rathgallegama, Galawala Asala, Mendiyawa, Maho",,
611,N.A Chaturika,Sandamini,Female,14-10-2005,Beta Thalassaemia Major,Beta Thalassaemia Major,A pos,Dead,Kurunegala,4/4/2017,,Sinhala,Warakapola,Kegalle,"N.A.Wijitha Kumara, No.64, Penihela,Weweldeniya",,
612,Dushanta,Wickramasingha,Male,03 October 1997,E Beta Thalassemia,E Beta Thalassemia,A pos,Dead,Kurunegala,,,Sinhala,Dankotuwa,Puttlam,"Harsha Dissanayaka, No.03, Mellawa Gedara",,
613,Kushantha,Wikramasingha,Male,01 January 1993,E Beta Thalassemia,E Beta Thalassaemia,,Dead,Kurunegala,5/9/2008,Accident,Sinhala,Dankotuwa,Puttlam,No,,
614,Uththora Obashini,Herah,Female,07 August 2005,Beta Thalassaemia Major,β Thal major,B pos,alive,Kurunegala,,,Sinhala,Mallawapitiya,Kurunegala,"H.M. Sunethra Herath,Herath Sewana, Nelawa, Kohilegedara",,
615,M.F,Haniya,Female,22 March 2006,Beta Thalassaemia Major,β Thal Major,O pos,alive,Kurunegala,,,Muslim,Galgamuwa,Kurunegala,"Mohomed Asrof, No.44, Main Street, Galagamuwa",,
617,P.G Nimansa,Ashani,Female,28-04-2006,Beta Thalassaemia Major,Beta Thal major,O pos,alive,Kurunegala,,,Sinhala,Dambulla,Mathale,"H.M.A.Nirosha Shayamali, Kalundewa, Welangasmana, Dambulla",,
618,P.G Chanuka,Dilshan,Male,20 February 1997,Beta Thalassaemia Major,β Thal major,O pos,alive,Kurunegala,,,Sinhala,Dambulla,Mathale,"U.G. Karunawathi,Kalundeewa,Aluthgama,Welangasmanna, Dambulla",,
619,Rashmi,Sandeepa,Female,04 May 2003,Beta Thalassaemia Major,β Thal major,B pos,Dead,Kurunegala,4/1/2014,High Ferritin,Sinhala,Polpithigama,Kurunegala,"H.M. Kusumawathi, 341, Galahitiyagama, Moragollagama",,
620,K.W Kawishka,Lakshan,Male,06 March 2006,Beta Thalassaemia Major,Beta Thal major,O pos,alive,Kurunegala,,,Sinhala,Madirigiriya,Polonnaruwa,"D.M. Anula Kumari, No.59, Yaya09, Maha Ambagaswewa, Medirigiriya",,
621,Chanaka,Nawanjana Muthunayaka,Male,04 August 2006,Beta Thalassaemia Major,β Thal major,O pos,alive,Kurunegala,,,Sinhala,Kurunegala,Kurunegala,"Indika Chamara Muthunayaka, Pattiyagama, Mahakandegama, Wellawa",,
622,Fathima,Rizmika,Female,30-11-1980,E Beta Thalassemia,E Beta Thalassemia,B pos,alive,Kurunegala,,,Muslim,Palagala,Anuradhapura,"H.M.Najabadin,Nelliyagama,Palagala",,
623,H.M,Dingiri Amma,Female,23-04-1948,E Beta Thalassemia,E Beta Thalassemia,,Dead,Kurunegala,9/1/2023,Septic shock,Sinhala,Ganewaththa,Kurunegala,"H.M. Dingiri Amma, Hunupola, Pahalagama, Nikadalupatha",,
624,E M Buddhika,Lakmal,Male,08 November 2000,Delta Beta Beta Thalassemia,Delta Beta Thalassemia,B pos,Alive,Kurunegala,,,Sinhala,Ahetuwewa,Kurunegala,"A.M. Shayama Tikiri Kumarai Athapaththu, No.183/2, Atharagalla, Galagamuwa",,
625,Nilmini,Kumari,Female,30 August 1974,E Beta Thalassemia,E/β Thalasseamia,,Alive,Kurunegala,,,Sinhala,Eappawala,Anuradhapura,"H.M.G.S.Bandara, No.17, Andagala, Mihindupura, Eppawala",,
626,D.M.Tharaka,Dhamsara,Male,23 November 2005,Beta Thalassaemia Major,Beta Thal major,B pos,alive,Kurunegala,,,Sinhala,Anamanduwa,Puttlam,"D.M. Weerasena, Wetiyapahalagama, Anamnduwa",,
627,T.G Suneth,Gimhana,Male,12 May 2006,Beta Thalassaemia Major,Beta Thal major,A pos,alive,Kurunegala,,,Sinhala,Polpithigama,Kurunegala,"Nilmini Chandani, Thambuwa, Maeliya",,
628,S.M Ranjith Pramoda,Bandara,Male,26 November 1997,Beta Thalassaemia Major,Beta Thal major,O neg,alive,Kurunegala,,,Sinhala,Wariyapola,Kurunegala,"S.M. Ranjith Bandara, Malvana, Kanaththewaththa, Wariyapola",,
629,M.P Janith,Thiranga,Male,11 June 2006,Beta Thalassaemia Major,β Thal major,O pos,alive,Kurunegala,,,Sinhala,Polgahawela,Kurunegala,"M.D.Suranga Jayasri, Ginneriya, Wadakada",,
630,Piumi Dilshani Kumari,Polgolla,Female,16 May 1998,Beta Thalassaemia Major,β Thal major,A pos,Alive,Kurunegala,,,Sinhala,Katugasthota,Kandy,"B.D.G. Rohini Mallika, 178/1, Arambegama, Werallagama",,
631,R.M Kalindu,Gimhana,Male,19 September 2006,Beta Thalassaemia Major,Beta Thal major,O pos,alive,Kurunegala,,,Sinhala,Mallawapitiya,Kurunegala,"R. Sujeewa Samarakoon, Dalupotha, Kowana, Torayaya,",,
632,Ruwanthika,Gamage,Female,07 November 1990,E Beta Thalassemia,HBE β Thalassaemia,O pos,Alive,Kurunegala,,,Sinhala,Galagedara,Kandy,"B.G.Somasiri,117/9, Kotanegoda, Galagedara",,
633,Chathurika,Gamage,Female,17 May 1995,E Beta Thalassemia,E Beta Thalassemia,B pos,alive,Kurunegala,,,Sinhala,Galagedara,Kandy,"B.G.Somasiri,117/9, Kotanegoda, Galagedara",,
634,Ravindu,Sandaruwan,Male,06 November 2006,Beta Thalassaemia Major,β Thalassaemia major,B pos,alive,Kurunegala,,,Sinhala,Galewela,Mathale,"W.A. Ajith Weerasooriya,No.02 Road, Pathkolagolla, Galewela",,
635,P.G Risika,Jeewan,Male,12 April 1993,Beta Thalassaemia Major,Beta Thalassaemia Major,B pos,Dead,Kurunegala,20/08/2012,Heart Failure,Sinhala,Galagedara,Kandy,,,
636,Ishani Madushila,Warnasooriya,Female,05 September 2006,Beta Thalassaemia Major,Beta Thal major,A pos,alive,Kurunegala,,,Sinhala,Galgamuwa,Kurunegala,"H.M. Mauri Preethika, Ambasewana, Aluth Herathgama,Galgamuwa",,
637,Fathima Rifa,,Female,12 December 2006,Beta Thalassaemia Major,β Thal major,O pos,Alive,Kurunegala,,,Muslim,Nikaweratiya,Kurunegala,"A.R. Rassar, Nammuwawa, Helogama",,
638,Tharashika,Sachini,Female,24 September 2006,Beta Thalassaemia Major,β Thal major,B pos,alive,Kurunegala,,,Sinhala,Rambukkana,Kegalle,"A. Nimal Shantha, Godella,Mahagama, Hewadiwela, Rambukkana",,
639,A. Shesan,Debinda,Male,04 December 1992,E Beta Thalassemia,E Beta Thalassemia,O pos,alive,Kurunegala,,,Sinhala,Maho,Kurunegala,"A.S. Silva, Hithokadawala, Maho",,
640,A.M.S.T.P,Adhikari,Male,24 January 2007,Beta Thalassaemia Major,β Thal major,O pos,alive,Kurunegala,,,Sinhala,Ibbagamuwa,Kurunegala,"A.M. Padmasiri, Adhikari,Neerammulla, Melsiripura",,
641,H.M.Shehan,Mihiranga,Male,15 May 2006,E Beta Thalassemia,E/β Thalassaemic,O pos,alive,Kurunegala,,,Sinhala,Galgamuwa,Kurunegala,"H.M. Gamini Herath, Mottapeththawa, Galgamuwa",,
642,W. Pasindu Nimnada,Wanasingha,Male,21 September 2006,Beta Thalassaemia Major,Beta Thal major,O neg,alive,Kurunegala,,,Sinhala,Palugaswewa,Anuradhapura,"W.M. Wasantha Wanasinghe, Bulanagama, Wayaulpatha, Palugaswewa",,
643,W.T Pipani,Navodya,Female,16 November 2006,Beta Thalassaemia Major,β Thal major,B pos,alive,Kurunegala,,,Sinhala,Kuliyapitiya - West,Kurunegala,"W.T. Ajith Botheju, Katuwaththewela,Wewagama,Kuliyapitiya",,
644,A.M,Nimsara Kavinda,Male,13 January 2006,Beta Thalassaemia Major,β Thal major,B pos,alive,Kurunegala,,,Sinhala,Bingiriya,Kurunegala,"K.K. Anusha Priyadarshani, Pahala kadigamuwa, Ihalakadigamuwa",,
645,Induwara,Hemal,Male,17 December 2006,Beta Thalassaemia Major,Beta Thal major,O pos,,Ragama,,,Sinhala,Giriulla,Gampaha,"P.G.Sunil Shantha, Tekkawaththa, Welihida, Kotadeniyawa",,
646,Mohamed,Nishad,Male,24 August 2006,E Beta Thalassemia,E Beta Thalassemia,B pos,alive,Kurunegala,,,Muslim,Giribawa,Kurunegala,"M.R.M.Nisham, Walpaluwa, Thambuththa, Galagamuwa",,
647,M.A,Mushruf,Female,30 April 2006,Beta Thalassaemia Major,Beta Thal major,B pos,Underwent BMT,,,,Muslim,Dambulla,Mathale,"A.L.M. Asad, Nikawatana, Thimbissa",,
648,Pornima Sewwandi,Wijeweera,Female,09 November 1996,E Beta Thalassemia,E Beta Thalassemia,,alive,Kurunegala,,,Sinhala,Galewela,Mathale,"D.M. Mangalika Kumari, korakahagolla, Aluthwewa, Bambaragaswewa, Galewela",,
649,K.A Nimesh,Dilshar,Male,11 January 2001,Beta Thalassaemia Major,β Thal major,A pos,alive,Kurunegala,,,Sinhala,Diulapitiya,Gampaha,"J.M. Nirosha Priyadarashani, Athgalawaththa, Kudagammana, Walpita, Diulapitiya",,
650,H.M Kasuni,Himansa,Female,06 March 2007,Beta Thalassaemia Major,Beta Thal major,,Underwent BMT,,,,Sinhala,Ganewaththa,Kurunegala,"H.M. Sisira Herath, Pahalagama, Hunupola",,
651,P.D.Pasindu,Dananjaya Priysdarshana,Male,27 January 2007,Beta Thalassaemia Major,β Thal major,O pos,alive,Kurunegala,,,Sinhala,Polpithigama,Kurunegala,"B.G. Deepika Priyangani, C/O Wasantha Stoers Madathiyagolla, Pansiyagama, Madahapola",,
652,Fathima,Azlifa,Female,24 July 1988,Beta Thalassaemia Major,β Thal major,B pos,Dead,Kurunegala,10/1/2014,BMT,Muslim,Akurana,Kandy,"Fausul Masaya, No.1D, Kurugoda, Akurana",,
653,H.M Amith,Prasanna,Male,15 December 1991,E Beta Thalassemia,E Beta Thalassemia,,alive,Kurunegala,,,Sinhala,Giribawa,Kurunegala,"W.M. Chithra Kumari, Polwaththa, Pahala Giribawa",,
654,S.R Chalini Prbhashani,Mallawa,Female,20 April 2007,Beta Thalassaemia Major,Beta Thal major,O pos,Underwent BMT,,,,Sinhala,Maspotha,Kurunegala,"S.M. Ranjith Bandara, Malvana, Kanaththewaththa, Wariyapola",,
655,D.M.R.Sanjana,Dissanayaha,Female,30 December 2004,Beta Thalassaemia Major,β Thal major,O pos,Dead,Kurunegala,3/8/2025,Infection,Sinhala,Ibbagamuwa,Kurunegala,"R.M. Dhanusha Rathnayaka, Hiriyala, Lenawa, Melsiripura",,
656,W.M.Tharidu,Dellep,Male,13 October 2006,E Beta Thalassemia,E/β Thal,O pos,alive,Kurunegala,,,Sinhala,Ahetuwewa,Kurunegala,"W.P.Roshini,Bedigama,Ahetuwewa",,
657,M.C,Sifran,Female,11 March 2002,E Beta Thalassemia,E β Thal,B pos,alive,Kurunegala,,,Muslim,Galenbidunuwewa,Anuradhapura,"A.H.M.Kareem,Uththupitiya,Muriyakadawala,Galenbidunuwewa",,
658,E.M Aruna,Priyadarshani,Female,01 August 1983,E Beta Thalassemia,E Beta Thalassemia,O pos,alive,Kurunegala,,,Sinhala,Palugaswewa,Anuradhapura,"E.M.Aruna Priyadarshani,Maha Rambawewa, Padikaramanduwa,",,
659,B.W Gayani,Sangeetha,Female,16 October 1994,E Beta Thalassemia,E Beta Thalassemia,O pos,,Anuradhapura,,,Sinhala,Anuradhapura,Anuradhapura,"Y.A.Susila Irangani,No.47/2,Yodhaelagama,Eppawala",,
660,W. M Dhananjani,Lakshani,Female,19 April 2001,Beta Thalassaemia Major,Beta Thal major,,alive,Kurunegala,,,Sinhala,Ibbagamuwa,Kurunegala,"A.M.SandayaAdhikari,No.112,Pudukkulama,Kumbukwewa",,
661,A.S.D Bandara,Kithsiri,Male,20 September 1994,E Beta Thalassemia,E Beta Thalassemia,B pos,,Ragama,,,Sinhala,Rambukkana,Kegalle,"Kehelhena,Alugolla,Hewadiwala,Rambukkana",,
662,Seneth,Madushanka,Male,21 September 2006,Beta Thalassaemia Major,β Thal major,A pos,alive,Kurunegala,,,Sinhala,Polpithigama,Kurunegala,"E.M.Samnthilaka,Alagamuwa,Thalakolawewa",,
663,M.M,Marsan,Male,25 October 2006,E Beta Thalassemia,E Beta Thalassemia,,alive,Kurunegala,,,Muslim,Polgahawela,Kurunegala,"M.M.M.Mursid,2/3,Godawela,Polgahawela",,
664,I.M,Panchimanika,Female,10 October 1956,E Beta Thalassemia,E Beta Thalassemia,O pos,alive,Kurunegala,,,Sinhala,Kekirawa,Anuradhapura,"I.M.Punchi Menika,Alapara,Udurawa North,Galkiriyagama",,
665,Anupa,Dissanayaka,Male,21 June 2007,Beta Thalassaemia Major,β Thal major,B pos,Dead,Kurunegala,5/3/2017,Meningitis,Sinhala,Panduwasnuwara - West,Kurunegala,"R.P. Wijanthamala,Ambagolla,Bandarakoswaththa",,
666,D. M Tarusha Lakshan,Dissanayaka,Male,23 November 2003,E Beta Thalassemia,E Beta Thalassemia,O pos,Alive,Kurunegala,,,Sinhala,Palagala,Anuradhapura,"Parawahagama,Adiyagala",,
667,Tharinda Akash,Bandara,Male,05 March 1998,Beta Thalassaemia Major,β Thal major,B pos,alive,Kurunegala,,,Sinhala,Anuradhapura,Anuradhapura,"P.S. Bandara, 3 post, Alayapaththuwa, Anuradhapura",,
668,Nipuni,Sathsarani,Female,12 October 2005,Beta Thalassaemia Major,Beta Thal major,A pos,alive,Kurunegala,,,Sinhala,Bingiriya,Kurunegala,"R.P.D.K.Nihal Shantha,Mandakondana,Athungahakotuwa,Kuliyapitiya",,
669,Mahesha,Hansamali,Female,19 May 2007,Beta Thalassaemia Major,Beta Thal major,O pos,alive,Kurunegala,,,Sinhala,Nochchiyagama,Anuradhapura,"Sriyani Pushpalatha,Athpanthiya,Ambagaawewa,Nochchiyagama",,
670,Hirushi Imalsha,Abeyrathna,Female,04 November 2007,Beta Thalassaemia Major,Beta Thal major,O pos,,Anuradhapura,,,Sinhala,Nochchiyagama,Anuradhapura,"H.B.Abeyrathna,Athpanthiya,Ambagaswewa,Nochchiyagama",,
671,M.R,Rifka,Female,08 September 2007,Beta Thalassaemia Major,β Thal major,O pos,alive,Kurunegala,,,Muslim,Rideegama,Kurunegala,"M.R.M.Rinaus,Halialla,Thalgaspitiya,Ambakote",,
672,Kavishka,Saronga,Male,08 June 2004,Beta Thalassaemia Major,β Thal major,O pos,alive,Kurunegala,,,Sinhala,Morawewa,Trinco,"M. Jeewani Pramalatha, Athabendiwewa, Tri - Rotawewa, Trinco",,
673,R. M Esan Sanuhas,Bandara Herath,Male,12 October 2007,Beta Thalassaemia Major,Beta Thal major,,Underwent BMT,,,,Sinhala,Bamunakottuwa,Kurunegala,"D.M.P.Srimali Dissanayake,No.556,Sanahas,SisilSewana,Kelimune,Maspotha",,
674,A.D.Rashodya Sathsarani,Dissanayaka,Female,03 September 2007,Beta Thalassaemia Major,β Thal major,O pos,alive,Kurunegala,,,Sinhala,Nachchaduwwa,Anuradhapura,"T.B.AnandaDissanayake,No.331/B,Demalawewa,Thuruwila,Anuradhapura",,
675,N.M Tahir,,Male,21 January 2006,Thalassaemia Intermedia,Thal Intermedia,O pos,alive,Kurunegala,,,Muslim,Galewela,Mathale,"S.A.M.Nawman,7Post,Madipola",,
676,D.M.Thalmika,Nadev Disanayaka,Male,31 January 2008,E Beta Thalassemia,HbE β Thalassaemia,O pos,alive,Kurunegala,,,Sinhala,Polgahawela,Kurunegala,"D.M.T.T.K.Dasanayake,No.2,Maningamuwa,Thalawaththegedra",,
677,Ridma Nirmal,Wickramasnsha,Male,16 September 2002,E Beta Thalassemia,E/β Thalassaemic,B neg,alive,Kurunegala,,,Sinhala,Polpithigama,Kurunegala,"W.A.P.Susantha Wickramasinghe,Mamunugama,Moragollagama",5Y6M,2008
678,K.Kushan,Madywartha,Male,18 September 1993,Beta Thalassaemia Major,β Thalassaemia major,B pos,alive,Kurunegala,,,Sinhala,Pathadumabara,Kandy,"Nandani Chandralatha,1/12,Ihala Yatawara,Waththegama",,
679,H.M,Dharmakeerthi,Male,20/09/1976,E Beta Thalassemia,E Beta Thalassaemia,,Dead,Kurunegala,2/1/2012,Heart Failure,Sinhala,Galenbidunuwewa,Anuradhapura,"E.M.Dharmakeerthi Ekanayake,Maha Rambawewa,Padikaramanduwa,Galenbidunuwewa",,
680,R.M Sithara,Tharashi Ratnayaka,Female,01 August 2007,Beta Thalassaemia Major,β Thal major,,alive,Kurunegala,,,Sinhala,Kekirawa,Anuradhapura,"R.M.Punchi Banda,E59,Ramadegala,Kithulhitiyawa",,
681,C.M Lakshman,Raja,Male,03 November 1974,E Beta Thalassemia,E Beta Thalassemia,O pos,dead,Kurunegala,,Infection,Sinhala,Trinco,Trinco,"17/56,PadaviSripura",,
682,Wageesha Rashmi,Senevirathne,Female,07 September 2007,Beta Thalassaemia Major,Beta Thal major,A pos,Underwent BMT,,,,Sinhala,Kahatagasdigiliya,Anuradhapura,"B.R.Senavirathna,Patilappuwewa,Mahapothana",,
683,Sanika,Molagoda,Female,05 November 1987,E Beta Thalassemia,E Beta Thalassemia,A pos,,Ragama,,,Sinhala,Mathale,Mathale,"D.C.Molagoda,AhelepolaWalawwa,Pallepola",,
684,R.M Oshadi,Dilushika,Female,08 March 2007,E Beta Thalassemia,E Beta Thalassaemia,,Dead,Kurunegala,23/03/2016,Accident,Sinhala,Palagala,Anuradhapura,"H.M.Inoka Shamali,D03,Galkiriyagama,",,
685,M.H,Salmiya,Female,27/06/1991,E Beta Thalassemia,E/β Thalasseamia,A neg,Dead,Kurunegala,31/12/2017,Heart Failure,Muslim,Trinco,Trinco,"K.M.Kashan Ikbalnagar,Nilaweli,Trincomali",,
686,M.H Azam,,Male,31/01/1997,E Beta Thalassemia,E β Thalassaemia,O neg,Dead,Kurunegala,7/6/2016,Heart Failure,Muslim,Trinco,Trinco,"K.M.Kashan Ikbalnagar,Nilaweli,Trincomali",,
687,M.H,Huzen,Male,30/10/1999,E Beta Thalassemia,E Beta Thalassemia,A neg,Dead,Kurunegala,13/12/2018,Heart Failure,Muslim,Trinco,Trinco,"K.M.Kashan Ikbalnagar,Nilaweli,Trincomali",,
688,Ama Nadi Akarshana,Wasala,Female,12 June 2007,E Beta Thalassemia,E-β Thalassaemia,A pos,alive,Kurunegala,,,Sinhala,Thambuththegama,Anuradhapura,,,
689,A.M Harshaka,Piumal Adhikari,Male,22 January 2008,Beta Thalassaemia Major,Beta Thal major,B pos,,Anuradhapura,,,Tamile,Polpithigama,Kurunegala,"A.M. Wijitha Mallika,Kiralabokkagama, Moragollagama",,
690,R.P.G.Roshana,Sandeepa,Male,09 August 2007,Beta Thalassaemia Major,β Thal major,O pos,alive,Kurunegala,,,Sinhala,Mawanella,Mathale,"Namal Premarathna, Kareedewaththa,Maliyadda,Makehelwala",,
691,Mohomed,Samrin,Male,24 August 2005,Beta Thalassaemia Major,Beta Thal major,O pos,alive,Kurunegala,,,Muslim,Kalpitiya,Puttlam,"Mohomed Sahil, No. 646,Safamaruwa,Palavi, Karamba",,
692,Malki Bagya,Adikari,Female,19 February 2008,Beta Thalassaemia Major,β Thalassaemia major,A pos,alive,Kurunegala,,,Sinhala,Kurunegala,Kurunegala,"R.M. Samila Kumari Rathnayake,Seeradunna, Thalvita",,
693,A.F.F.Inaya,,Female,28 November 1970,E Beta Thalassemia,E/β Thalassaemia,B pos,alive,Kurunegala,,,Muslim,Kekirawa,Anuradhapura,"A.F.Fausul Inaya,Bandara Pothana, Pubbogama",,
694,G.,Rawan,Male,20 February 2004,E Beta Thalassemia,E Beta Thalassemia,O pos,,,,,Sinhala,Katana,Colombo,"G.Raheena,270/1, Godaporagahawaththa,Andiambalama Road, Kimbulapitiya",,
695,R.M,Gimhani Ratnayaka,Female,15 December 2007,E Beta Thalassemia,HbE/β Thalassaemia,B pos,alive,Kurunegala,,,Sinhala,Ibbagamuwa,Kurunegala,"Kanthi Rathnayake,Nuga Sewana,Nabeta,Melsiripura",,
696,W.G Tatsara,Gunaratna,Male,29 June 2006,E Beta Thalassemia,E Beta Thalassemia,,alive,Kurunegala,,,Sinhala,Mawathagama,Kurunegala,"W.H.Wasanthi,Meegolla,Hindagolla",,
697,Mohomed,Waseem,Male,22 November 2002,E Beta Thalassemia,E  β Thal,B pos,alive,Kurunegala,,,Muslim,Rasnayakapura,Kurunegala,"G.M.A.Wahaf,Kolondaluwa,Kadigawa,Nikaweratiya",,
698,Shashini,Pabasara,Female,18/04/2008,Beta Thalassaemia Major,Beta Thalassaemia Major,A pos,Dead,Kurunegala,4/6/2013,Abscess,Sinhala,Polpithigama,Kurunegala,,,
699,Fatima,Nishla,Female,11 February 2006,E Beta Thalassemia,E Beta Thalassemia,,,,,,Muslim,Galewela,Mathale,"M.M.Tahir,Kalawewa Road,Damanimulla,Galewela",,
700,Thakshila,Maduwanthi,Female,16 August 2007,Beta Thalassaemia Major,β Thal major,O pos,alive,Kurunegala,,,Sinhala,Mawathagama,Kurunegala,"W.M.Weerakoon,Ganegoda,Godella,Weuda",,
701,H.M,Ashani Dewmini Heratm,Female,10 January 2008,Beta Thalassaemia Major,Beta Thalassaemia Major,O pos,alive,Kurunegala,,,Sinhala,Weerambugedara,Kurunegala,"Indika Nuwan Herath,No.25, Sandagala Uhumeya",,
702,D.M Sanjana,Madhuwanthi,Female,19 February 2004,E Beta Thalassemia,E Beta Thalassemia,AB pos,alive,Kurunegala,,,Sinhala,Palagala,Anuradhapura,"N.G. Anusha Damahanthi, Gambiriswewa,Pansala Asala, Adiyagala",,
703,Hasara Sewwandi,Dissanayaha,Female,11 August 2000,E Beta Thalassemia,E β Thalassaemia,,alive,Kurunegala,,,Sinhala,Thambuththegama,Anuradhapura,"Kudawewa, Kiralogama",,
704,K.G Chamindu,Guruge,Male,01 February 2008,Beta Thalassaemia Major,Beta Thal major,A pos,Underwent BMT,,,,Sinhala,Galnewa,Anuradhapura,"K.G.Indika Chaminda Kumara,Thammennagama,Siyambalewa,Negampaha",,
705,Harsha Dilshan,Adikari,Male,05 May 2004,E Beta Thalassemia,E Beta Thalassemia,O pos,alive,Kurunegala,,,Sinhala,Polpithigama,Kurunegala,"A.M.Nilanthi Adhikari,MalAsna,Polpithigama",,
706,"J,M Gamini",Ekanayaka,Male,28 January 1972,E Beta Thalassemia,E Beta Thalassemia,,alive,Kurunegala,,,Sinhala,Ibbagamuwa,Kurunegala,"Thuththiripitiya,Diddeniya,Melsiripura",,
707,R.N Dhanusha,Senani,Female,31 May 2008,Beta Thalassaemia Major,Beta Thal major,O pos,alive,Kurunegala,,,Sinhala,Pannala,Kurunegala,"S.Sepali Samarakkody,Medawaththa,Ihalakatugampola",,
708,Dissanayake,,Male,25-03-1969,Thalassaemia Intermedia,Beta Thalassaemia Trait,,Dead,Kurunegala,30-09-2009,,Sinhala,Ahetuwewa,Kurunegala,"D.M.S.Disanayake,No.95,Nisalthenna,Mahkeliya,Maspotha",,
709,Mohomed,Saharan,Male,04 October 2008,Beta Thalassaemia Major,β Thalassaemia major,O pos,alive,Kurunegala,,,Muslim,Puttlam,Puttlam,"Mohimed Sahil,No.645,Safamaruwa,Palavi",,
710,R.H.M Pramadasa,,Male,02 August 1969,E Beta Thalassemia,E Beta Thalassemia,O pos,alive,Kurunegala,,,Sinhala,Nikaweratiya,Kurunegala,"Hulogedara,Nikaweratiya",,
711,R.M.Kaveesha,Dilshan,Male,13 October 2008,Beta Thalassaemia Major,β Thal major,B pos,alive,Kurunegala,,,Sinhala,Anamanduwa,Puttlam,"R.M.Dilan Susantha,Labugala,Mahauswewa,Anamnduwa",,
712,Naadun Kaveesha,Rathnayaka,Male,04 September 2006,E Beta Thalassemia,E/β Thalassaemia,A pos,alive,Kurunegala,,,Sinhala,Morawewa,Trinco,"Deepthi Pemadasa,Tri/Athabediwewa,Rotawewa",,
713,A.M Lakmal,Liyanage,Male,28 November 2008,Beta Thalassaemia Major,β Thal major,O pos,alive,Kurunegala,,,Sinhala,Ipalogama,Anuradhapura,"Galnewa Road, Hiripitiyagama, Ipalogama",,
714,Kawishka,Sandaruwan,Male,10 April 2008,Beta Thalassaemia Major,β Thal major,A pos,alive,Kurunegala,,,Sinhala,Naula,Mathale,"H.M.P.S. Chandima Hearath, No. 212, Rajawala, Kongahawala, Naula",,
715,W.M Praneth,Washala,Male,15/11/2007,Beta Thalassaemia Major,β Thal major,B pos,Dead,Kurunegala,29/10/2018,BMT,Sinhala,Kotawehera,Kurunegala,"W.M. Jayarathna Wasala , No. 444/4 Yaya 10 , Palugolla , Galgamuwa",,
716,I.G Sanjeewani,Kumri,Female,10 November 2000,E Beta Thalassemia,E Beta Thalassemia,B pos,alive,Kurunegala,,,Sinhala,Yatawatha,Mathale,"D.G. Seetha Kumari, Mathalapitiya, Walawala, Butawa Kade bare, Matala",,
717,Nirojan,,Male,17 July 1996,E Beta Thalassemia,E Beta Thalassemia,,alive,Kurunegala,,,Sinhala,Mannar,Mannar,"A. Leenaapu, Madara Garamaya, Madu Para",,
718,Pushpa,Kumari Ratnayaka,Female,17/08/1972,E Beta Thalassemia,E Beta Thalassemia,,Dead,Kurunegala,22/03/2023,Diabetes,Sinhala,Ibbagamuwa,Kurunegala,"Udumulla, Muruthawa, Ibbagamuwa",,
719,T.A.Samidu,Dilshan,Male,15 April 2004,E Beta Thalassemia,E Beta Thalassemia,O pos,alive,Kurunegala,,,Sinhala,Galgamuwa,Kurunegala,"J.A. Kirimenika, No. 54, Dewagiripura, Galgamuwa",,
720,Mohomed,Akram,Male,28 May 2001,E Beta Thalassemia,E Beta Thalassemia,O pos,alive,Kurunegala,,,Muslim,Kalpitiya,Puttlam,"S.M. Sanoon, No. 53D, U.M.N Road, Kalpitiya",,
721,M.G Nethumli,Dilhara,Female,18 November 2008,Beta Thalassaemia Major,Beta Thal major,B pos,Underwent BMT,,,,Sinhala,Warakapola,Kegalle,"Athula Bandara Mihitipola, No. 5/1, Pahala Kalugala, Beligala , Kagell",,
722,E.P.D Dahamsa,Pramod,Male,18 August 2008,Beta Thalassaemia Major,Beta Thal major,AB pos,Underwent BMT,,,,Sinhala,Panduwasnuwara - West,Kurunegala,"E.P.D.G. Atigala, Udagama, Kooratihena, Hettipola",,
723,Shanthi,Jayawardana,Female,23 September 1981,E Beta Thalassemia,E Beta Thalassemia,,alive,Kurunegala,,,Sinhala,Giribawa,Kurunegala,"Harasha Sri Niroshan Dissanayake,Malilewa, Thambuththa",,
724,Malimi Chathurya,Nimsarani Herath,Female,01 December 2008,Beta Thalassaemia Major,β Thal major,O pos,alive,Kurunegala,,,Sinhala,Morawewa,Trinco,"M.L.R. Herath, Karaggahawewa, Gomarankadawala",,
725,E.M.Charthura,Mihiranga,Male,10 February 2008,E Beta Thalassemia,E β Thal,B pos,alive,Kurunegala,,,Sinhala,Polpithigama,Kurunegala,"E.M. Ruwan Thushara Ekanayake, Jayampathi Stores, Nikawehera, Makulpotha",,
726,M.R.Sithija,Lakshan,Male,09 April 2009,Other,Red cell aplasia,A pos,Dead,Kurunegala,1/12/2025,Pneumonia,Sinhala,Maho,Kurunegala,"M.R. Nimal Priyarathna, no. 461/222, Polpithigama, Koonwewa,Maho",,
727,M.M.Janidu,Nimsara,Male,06 November 2008,Beta Thalassaemia Major,β Thalassaemia major,AB pos,alive,Kurunegala,,,Sinhala,Thamankaduwa,Polonnaruwa,"S. Thushari Ananda, No.103, Namalgama, Welikanda",,
728,Prasadini,Ilangasingha,Female,26 June 1996,Beta Thalassaemia Major,β Thal major,A pos,alive,Kurunegala,,,Sinhala,Kekirawa,Anuradhapura,"I.M. Karunarathna Bandara, Maldenipura, Kekirawa",,
729,H.P Hirunio Hansika,Weerathne,Female,25 August 2007,Beta Thalassaemia Major,Beta Thal major,A pos,,Peradeniya,,,Sinhala,Panduwasnuwara - West,Kurunegala,"H.P. Chaminda Lakshman, Ambagaha Gedara, Nagollagama",,
730,R.,Amna,Female,07 September 2007,Beta Thalassaemia Major,Beta Thal major,O pos,alive,Kurunegala,,,Muslim,Puttlam,Puttlam,"J.Rizvan, No.53D, Nagavilluwa, Palaviya, Puttlam",,
731,Dinethra,Dissanayaka,Female,04 May 2008,Beta Thalassaemia Major,β Thal major,B pos,alive,Kurunegala,,,Sinhala,Ambanpola,Kurunegala,"H.M. Dhammika Dissanayake, Disni, Anuradhapura Road, Ambanpola",,
732,J.B,Supun Madushan,Male,12 April 2008,Beta Thalassaemia Major,β Thal major,B pos,alive,Kurunegala,,,Sinhala,Nochchiyagama,Anuradhapura,"M.M. Hemalatha, Katumulugama, Nochchiyagama",,
733,P.M.Sameera,Prabath,Male,13 March 2008,E Beta Thalassemia,E β Thal,B pos,alive,Kurunegala,,,Sinhala,Wariyapola,Kurunegala,"H.M. Sisira Senarathna, Siyabalakela , Wariyapola",,
734,R.D Lakshitha,Soudaruwan,Male,09 April 2009,Beta Thalassaemia Major,β Thal major,O pos,alive,Kurunegala,,,Sinhala,Giribawa,Kurunegala,"R.D. Takshila Kumudu Kumari, Welilanda, Warawewa, Girbawa",,
735,Sachintha Madushan,Senavirathna,Male,01 November 2007,E Beta Thalassemia,E-β Thalassaemia,A pos,alive,Kurunegala,,,Sinhala,Maho,Kurunegala,"S. Nihala Senavirathna, Paluwaththa, Dakunu Rathmale, Nagollagama",,
736,W.M.V.,Rasanjana,Male,03 March 2008,E Beta Thalassemia,E/β Thalassaemia,AB pos,alive,Kurunegala,,,Sinhala,Polpithigama,Kurunegala,"R.M. Nadeeka Lakmini Kumari, Herathgama, Moragollagama",,
737,Sasintha,Dhnanjaya,Male,29 December 2008,E Beta Thalassemia,E Beta Thalassemia,A pos,alive,Kurunegala,,,Sinhala,Maho,Kurunegala,"I.M. Sunanda Karunarathna, Wedaniwasa, Ihalagama, Koonwewa",,
738,Sithmi,Kaweesha,Female,02 April 2009,Beta Thalassaemia Major,Beta Thal major,,alive,Kurunegala,,,Sinhala,Rasnayakapura,Kurunegala,"H.M. Wijitha Kumara, Ihala Mawathagama, Rasnayakapura",,
739,P.A.Nimantha,Sandarawan,Male,13 December 2007,E Beta Thalassemia,E/β Thal,A pos,alive,Kurunegala,,,Sinhala,Katana,Gampaha,"M.K. Thushari Sanjeewani, 224C, Iddagodella Road, Kumbulapitiya",,
740,D.M Shashika,Umayanga,Male,20 October 2008,Beta Thalassaemia Major,Beta Thal major,A pos,Underwent BMT,,,,Sinhala,Galnewa,Anuradhapura,"D.M. Kasun kumara Jayarathna, No.72/1, 408, Galnewa, Kiralogama",,
741,Shalani,Dewmika,Female,30 April 2009,Beta Thalassaemia Major,β Thal major,B pos,alive,Kurunegala,,,Sinhala,Anamanduwa,Puttlam,"L. Thilakasiri, Ihalagama, Periyakulama, Anamnduwa",,
742,Maleesha,Mihiruneja,Male,04 February 2007,E Beta Thalassemia,E β Thalassaemia,AB pos,alive,Kurunegala,,,Sinhala,Kurunegala,Kurunegala,"Nadeka Sanjeewani, Galwalapitiya, Wellawa",,
743,H. A Kanishka,Subasingha,Male,17 October 2000,E Beta Thalassemia,E Beta Thalassemia,A pos,alive,Kurunegala,,,Sinhala,Meerigama,Gampaha,"H.A.Ranjith Sibasinghe, No.04, Parawaththa, Nalla, Diuldeniya",,
744,Revindu,Lakshan,Male,04 May 1998,Beta Thalassaemia Major,Beta Thal major,A pos,,Ragama,,,Sinhala,Dehiaththakandiya,Ampara,"S.R.M. Udeni Rajapaksha, No. 287A, Bihiri Sorowwa, Dehiaththakandiya",,
745,M.P,Gnanawathi,Female,10 October 1965,E Beta Thalassemia,E Beta Thalassemia,A pos,alive,Kurunegala,,,Sinhala,Weerambugedara,Kurunegala,"Ihalakadadunna, kandewaththa, Lokahettiya",,
746,H.M.B.S,Hera,Male,20 June 2009,Beta Thalassaemia Major,Beta Thal major,A pos,alive,Kurunegala,,,Sinhala,Ibbagamuwa,Kurunegala,"H.M. Sarth Chandana Herath,Hangamuwa, Ibbagamuwa",,
747,K.M Oshan,Biduranga,Male,04 August 2009,Thalassaemia Intermedia,Beta Thalassemia Trait,O pos,alive,Kurunegala,,,Sinhala,Bamunakottuwa,Kurunegala,"K.M. Iranjalika Kumari, Dampitiya, Ethanawaththa",,
748,Trabodhika,Gayani,Female,19 April 2003,E Beta Thalassemia,E Beta Thalassemia,B pos,,Ragama,,,Sinhala,Dankotuwa,Puttlam,"K.Sisira Nishantha, Ihala Dummala Kotuwa, Dankotuwa",,
749,R.P.Ravidu,Visal,Male,15 March 2009,Beta Thalassaemia Major,β Thal major,O pos,alive,Kurunegala,,,Sinhala,Kurunegala,Kurunegala,"M.Dilani Dilrukshi, Delgahamada, Nailiya, Boyagane",,
750,Kabindi,Senuri,Female,11 January 2005,E Beta Thalassemia,E Beta Thalassemia,,,Ragama,,,Sinhala,Ja ela,Gampaha,"Nisha kumari, No.45/6F, Weligampitoya,Jaela",,
751,Dulmini,Navodya,Female,19 July 2007,Beta Thalassaemia Major,β Thal major,A pos,alive,Kurunegala,,,Sinhala,Wariyapola,Kurunegala,"R.M. Nidarshani Dewika, Sagara Sewana, Ambalegoda, Padeniya",,
752,N.H Anisha,Thashmini,Female,31/03/2006,Beta Thalassaemia Major,Beta Thal major,B pos,Dead,Kurunegala,9/9/2022,,Sinhala,Aranayake,Kegalle,"W.Nalani Sriyalatha, Wedwaththa, Hathgampala, Aranayaka",,
753,Wageesha,Dewmina,Male,15 June 2008,Beta Thalassaemia Major,Beta Thal major,O pos,,Peradeniya,,,Sinhala,Aranayake,Kegalle,"W.Nalani Sriyalatha, Wedwaththa, Hathgampala, Aranayaka",,
754,E.M.Kavindu,Prabhashana,Male,04 December 2008,Alpha Beta Thalassemia,δ β Thal,B pos,alive,Kurunegala,,,Sinhala,Ahetuwewa,Kurunegala,"A.M. Shayama Tikiri Kumarai Athapaththu, No.183/2, Atharagalla, Galagamuwa",,
755,N.P Avishka,Nabodya,Female,13 September 2009,Beta Thalassaemia Major,Beta Thal major,B pos,alive,Kurunegala,,,Sinhala,Anamanduwa,Puttlam,"R.M. Anusha Pramajayanthi Rajapaksha, Karuna Seana Asala, Galleewa, Anamanduwa",,
756,Eeranjith,Chandrasekara,Male,21 May 2009,E Beta Thalassemia,E Beta Thalassemia,B pos,alive,Kurunegala,,,Sinhala,Dankotuwa,Puttlam,"I.M.C.h.B. Gunawardhana,",,
757,I.M.H.M.V,Gunawardana,Male,23/05/2009,Beta Thalassaemia Major,Beta Thal major,A pos,Dead,Kurunegala,28/12/2021,BMT Infection,Sinhala,Pannala,Kurunegala,"I.M.C.H.B.Gunawardhana,677/5, Elivila, Gonavila",,
758,M Saheli,Sayumila,Female,01 October 2009,Beta Thalassaemia Major,Beta Thal major,O pos,Underwent BMT,,,,Sinhala,Anamanduwa,Puttlam,"M.Rasika Jewantha, Nimal Sewana, Periyakulama, Anamanduwa",,
759,H,Raiyan,Male,28 February 2009,E Beta Thalassemia,E Beta Thalassemia,O pos,alive,Kurunegala,,,Muslim,Mawathagama,Kurunegala,"M.A.M.Husri, No.97, Singhepura, Paragahadeniya, Weuda",,
760,H.,Reeha,Female,25 August 2006,Beta Thalassaemia Major,Beta Thal major,O pos,alive,Kurunegala,,,Muslim,Mawathagama,Kurunegala,"M.A.M.Husri, No.97, Singhepura, Paragahadeniya, Weuda",,
761,D.M Kavisha,Piumanthi,Female,02 June 2009,E Beta Thalassemia,E Beta Thalassemia,,alive,Kurunegala,,,Sinhala,Galgamuwa,Kurunegala,"D.M.K.B.Dissanayake,Mahaambogama, Ambogama",,
762,Nilanti,Diushanayaka,Female,09 January 1981,Delta Beta Beta Thalassemia,Delta Beta Thalassemia,A pos,alive,Kurunegala,,,Sinhala,Galgamuwa,Kurunegala,No,,
763,D.M Dileepa,Nuwan,Male,16 August 2000,Delta Beta Beta Thalassemia,Delta Beta Thalassemia,,alive,Kurunegala,,,Sinhala,Nikaweratiya,Kurunegala,"D.M.Bandara Menika, Upa Thepal Karayalaya,Danduwawa, Nikaweratiya",,
764,H.P Bulara,Sahasra,Male,02 November 2001,Thalassaemia Intermedia,Thal Intermedia,O pos,alive,Kurunegala,,,Sinhala,Kuliyapitiya - East,Kurunegala,"D.P.Thilakasiri Dhanawathi,Udagedara,Bogamulla,Narammala",,
765,Riduhas,Iyomal,Male,17 January 2009,Beta Thalassaemia Major,Beta Thal major,O pos,alive,Kurunegala,,,Sinhala,Kekirawa,Anuradhapura,"N.P.B.Jayakumara Peruwegama,""Pramith"",Thibbatuwewa,Kekirawa",,
766,Chamalsha,Dewmini,Female,16 June 2007,Beta Thalassaemia Major,Beta Thal major,A pos,,Anuradhapura,,,Sinhala,Horowpathana,Anuradhapura,"B.T. Thilini Nisanasala, Galahitiyagama, Kapugollewa, Horopathana",,
767,R.P.,Kareeshani,Female,03 July 2008,Beta Thalassaemia Major,β Thal major,O pos,alive,Kurunegala,,,Sinhala,Giribawa,Kurunegala,"K.G.Pathma Gunaseeli BandaraMenike, Rajanganaya Wamiura, Yaya02,Saliya Ashokapura",,
768,W.A Chathuprabha,Kaushini,Female,12 October 2004,Sickle cell Disease ,Homozygous HBS Disease,,alive,Kurunegala,,,Sinhala,Naththandiya,Puttlam,"Kachchirawa,Koswaththa",,
769,Minoshi,Mandira,Female,14 October 2009,Beta Thalassaemia Major,Beta Thal major,O pos,,Polonnaruwa,,,Sinhala,Thamankaduwa,Polonnaruwa,"S.P.Swarnalatha, No.36/1, Wewethenna, Polonnaruwa",,
770,S.Prasanna,Madushanta,Male,01 October 1997,Beta Thalassaemia Major,β Thal major,A pos,alive,Kurunegala,,,Sinhala,Dimbulagala,Polonnaruwa,"H.M.Kusumawathi,No.38,Yaya04,Aranaganwila,Polonnaruwa",,
771,Nethmi,Sanjana,Female,31 March 2004,Beta Thalassaemia Major,Beta Thal major,B pos,,Polonnaruwa,,,Sinhala,Dimbulagala,Polonnaruwa,"H.M.Kusumawathi,No.38,Yaya04,Aranaganwila,Polonnaruwa",,
772,Nimesika,Lakhmali,Female,02 November 1999,Beta Thalassaemia Major,Beta Thal major,A pos,,Polonnaruwa,,,Sinhala,Dimbulagala,Polonnaruwa,"Y.M.Pemawathi,No.11/A,Kolongas Handiya,Aranaganwila,Polonnaruwa",,
773,Sahan Samira,Jayaratna,Male,26 February 2010,Beta Thalassaemia Major,Beta Thal major,O pos,alive,Kurunegala,,,Sinhala,Warakapola,Kegalle,"Rajaye Niwasa, No.8,Mahapallegama,Nelumdeniya",,
774,R. M Ishadi,Upendrika,Female,29 May 2000,Beta Thalassaemia Major,Beta Thal major,B pos,alive,Kurunegala,,,Sinhala,Giribawa,Kurunegala,"M.D.Wathasala Madhawi,Rajanganaya,Wamiura,Yaya02,Saliaya Ashokapura",,
775,J.M Shasidu,Nethmina,Male,06 August 2003,Beta Thalassaemia Major,Beta Thal major,AB pos,Dead,Kurunegala,14/10/2020,,Sinhala,Galgamuwa,Kurunegala,"J.M.Chandra Tikiri Kumari Jayalath,Walisundara Mawatha,Palukandewa,Galgamuwa",,
776,J. M Nimali,Jayandra sundara,Female,06 November 1976,Sickle cell Disease ,HB S/Beta thalassemia,,alive,Kurunegala,,,Sinhala,Ganewaththa,Kurunegala,"J.M.Piyasena,Diulwewa,Thambagalla",,
777,R.K.Dinuk,Vishmith,Male,16 January 1997,Beta Thalassaemia Major,β Thal major,A pos,Dead,Kurunegala,23/06/2024,,Sinhala,Aranayake,Kegalle,"H.P.Shanthi Chandrika Abeyrathna,Kumarapura Handiya,Debadgama,Kegalle",,
778,T.G Dayarathna,Bandara,Male,21/10/1971,E Beta Thalassemia,E Beta Thalassaemia,B neg,Dead,Kurunegala,1/1/2014,,Sinhala,Dambulla,Mathale,"Digampathaha,Kimbissa,No.115/B,Dambulla",,
779,A.H.F,Rizmiya,Female,13 May 1988,E Beta Thalassemia,E Beta Thalassemia,B pos,alive,Kurunegala,,,Muslim,Mawanella,Kegalle,"D.L.A.Haleem,No.28/4,Delgahagoda,Meegoda,Mavanella",,
780,B.M,Sadesh,Male,10 October 2009,Beta Thalassaemia Major,β Thal major,A pos,alive,Kurunegala,,,Sinhala,Kotawehera,Kurunegala,"B.M.Ranbanda,Deheththegama,Monnekulama",,
781,M.G.Nawodya,Hansamali,Female,07 November 2008,E Beta Thalassemia,E Beta Thalassemia,AB neg,alive,Kurunegala,,,Sinhala,Ukuwela,Mathale,"M.G.RasikaPradeep Kumara, No.67, Rathwaththa,Ukuwela",,
782,S.M Kavindu,Kawdeesha,Male,22 September 2009,Thalassaemia Intermedia,Thal Intermedia,A pos,alive,Kurunegala,,,Sinhala,Giribawa,Kurunegala,"D.M.Nirosha Nirmala,No.17,Thammennewa,Thambuththa,Galagamuwa",,
783,F,Nimala,Female,08 April 2006,E Beta Thalassemia,E Beta Thalassemia,,alive,Kurunegala,,,Sinhala,Galewela,Mathale,"N.M.Nahir,no.34/3,Namadagahwaththa,Galewela",,
784,A.H.,Imthaj,Male,06 July 1989,E Beta Thalassemia,E/β thalassaemia,B pos,alive,Kurunegala,,,Muslim,Mawanella,Kegalle,"D.L.A.Haleem,No.28/4,Delgahagoda,Meegoda",,
785,Avishka,Pasan Wijepala,Male,29 August 2008,E Beta Thalassemia,E Beta Thalassemia,A pos,,Rathnapura,,,Sinhala,Kuruwita,Rathnapuraya,"P.P.Susirawansa Wijepala,C/214,Meneripitiya,Pallewaththa,Parakaduwa",,
786,P.P W.G Sandun,Nuwantha,Male,16 October 2007,Other,Other,O pos,alive,Kurunegala,,,Sinhala,Narammala,Kurunegala,"M.N.Sriyani,No.69,Rajathilinawaththa,Narammala",,
787,Anshaf,Ahamed,Male,19 July 2008,E Beta Thalassemia,E/β Thalassaemia,B pos,alive,Kurunegala,,,Muslim,Ibbagamuwa,Kurunegala,"S.A.M. Muneer, Ahamed Manzil, Kumballanga. Ibbagamuwa",,
788,R.G Dilki,Hiranya,Female,27 February 2010,Beta Thalassaemia Major,Beta Thal major,AB pos,Underwent BMT,,,,Sinhala,Dambulla,Mathale,"Indra Kumari Ekanayake,Kalogahaela,Unapanduruyaya,Dambulla",,
789,Thisari,satasarani,Female,05 March 2010,E Beta Thalassemia,E Beta Thalassemia,B pos,Underwent BMT,,,,Sinhala,Kotawehera,Kurunegala,"A.M.Renuka Jayanth,Patapiliyagoda, Sirisathagama,Nikaweratiya",,
790,Samsan,Bhanu,Male,23 August 1983,E Beta Thalassemia,E Beta Thalassemia,A pos,alive,Kurunegala,,,Muslim,Horowpathana,Anuradhapura,No,,
791,Manuja Pathum,Piyathissa,Male,07 January 2010,Beta Thalassaemia Major,Beta Thal major,A pos,alive,Kurunegala,,,Sinhala,Kotawehera,Kurunegala,"K.G. Ruwani Priyadarshani,Bekary Niwasa,Kaluarachchigama,Monnekulama,Kotawehera",,
792,T.M.Chanad,Randika,Male,09 December 2004,E Beta Thalassemia,E β Thalassaemia,O pos,alive,Kurunegala,,,Sinhala,Galgamuwa,Kurunegala,"Sumithra Kumari, Thammennawetiya,Mahananeriya,Galgamuwa",,
793,Senura,Denuwan,Male,21 January 2010,Beta Thalassaemia Major,Beta Thal major,B pos,alive,Kurunegala,,,Sinhala,Dambulla,Mathale,"M.G.Chaminda Sumith Senavirathna, 201/1, 62 post, Janakaminipura Raod, Lenadora, Dambulla",,
794,H.S.Amalsha,Sewnandi,Female,07 November 2008,Thalassaemia Intermedia,Beta Thalassemia Trait,A pos,alive,Kurunegala,,,Sinhala,Kanthale,Trinco,"M.G. Ishani Pushpika Manage, No.695,Unit - 4, Rajaela,Kanthale",,
795,K.D,Damayanti,Female,02 December 1972,Thalassaemia Intermedia,Thal Intermedia,B pos,alive,Kurunegala,,,Sinhala,Warakapola,Kegalle,"K.D.Damayanthi,Gasnawa,Tholangamuwa,Yuranwaththa,Warakapola",,
796,Farisha,Farweni,Female,27 July 2001,Sickle cell Disease ,HB S/Beta thalassemia,O pos,,Trincomalee,,,Muslim,Kinniya,Trinco,"Wilweli - 05,Kinniya",,
797,Fatima,Sana,Female,13 October 2004,Sickle cell Disease ,HB S/Beta thalassemia,AB pos,,Trincomalee,,,Muslim,Kinniya,Trinco,"Wiweli, 05, Kinniya",,
798,W.M Sasanka Majoj,Ukku Amma,Female,05 November 1944,E Beta Thalassemia,E Beta Thalassemia,,alive,Kurunegala,,,Sinhala,Galgamuwa,Kurunegala,"W.M. Ukku Amma, Kumarihami, Koonwewa, Galagamuwa",,
799,H.A.G.O.E.,Herath,Male,02 October 2009,Beta Thalassaemia Major,β Thal major,O pos,alive,Kurunegala,,,Sinhala,Naula,Mathale,"H.M.A.G.Nissanka Herath, Pubbiliya, Koongaswela",,
800,S.Vkalpa,Dilshan,Male,16 April 2007,Sickle cell Disease ,Sickel β Thalassaemia,A pos,alive,Kurunegala,,,Sinhala,Ganewaththa,Kurunegala,No,,
801,H.P.Shasith,Himansha,Male,16 April 2009,E Beta Thalassemia,E β Thalassaemia,O pos,alive,Kurunegala,,,Sinhala,Weerambugedara,Kurunegala,"B.M.S.A.Nilanthi Kumari,Udawela,Welipennagahmulla",,
802,Abdul,Rahuman,Male,04 February 2010,Beta Thalassaemia Major,Beta Thal major,O pos,alive,Kurunegala,,,Muslim,Puttlam,Puttlam,"A.J.Mohomed Saruf,No.8/A,Manalku,Puttlam",,
803,W.M Sasanka Majoj,Wanninayaka,Male,28 February 2009,E Beta Thalassemia,E Beta Thalassemia,AB pos,Dead,Kurunegala,4/11/2023,Septic Arthritis,Sinhala,Kotawehera,Kurunegala,"W.M.Kusuma Wijekoon,Bogahayaya,Hulawa,Hulugalla, Nikaweratiya",,
804,Shehan Bandara,Dissanayake,Male,28 July 2003,E Beta Thalassemia,E Beta Thalassemia,,alive,Kurunegala,,,Sinhala,Galnewa,Anuradhapura,No,,
805,Dinuk Irein,Somarathna,Male,10 April 2010,Beta Thalassaemia Major,β Thal major,O pos,alive,Kurunegala,,,Sinhala,Mawathagama,Kurunegala,"M.P. Samapth Somarathna, Muwankanda Rd, Meethanwala, front of The School, Mawathagam",,
806,Nisali,Pabasara,Female,14 June 2010,Beta Thalassaemia Major,β Thalassaemia major,O pos,alive,Kurunegala,,,Sinhala,Anamanduwa,Puttlam,"R.D.Dilani Damayanthi Rajapaksha,Diullewa,Anamanduwa",,
807,E.M.S.Kavishka,Tharushi,Female,08 March 2010,E Beta Thalassemia,E/β Thalassaemia,O pos,Dead,Kurunegala,7/7/2025,Meningitis,Sinhala,Polpithigama,Kurunegala,"I.M.Nirmala Ilangasinghe,Siyambalagamuwa,Galgamuwa",,
808,M.Sarath,Wijethilaka,Male,18 January 1967,E Beta Thalassemia,E Beta Thalassemia,O pos,alive,Kurunegala,,,Sinhala,Alawwa,Kurunegala,"Wennaruwa, Morawalapitiya, Alawwa",,
809,Shashini,Niwethma,Female,13 July 2010,Beta Thalassaemia Major,β Thal Major,O pos,alive,Kurunegala,,,Sinhala,Weerambugedara,Kurunegala,"E.M. Nirosha Lakmali, Gonawa, Weerambugedara",,
810,E.M.Sandamali,Eknayaka,Female,10 January 1993,E Beta Thalassemia,E Beta Thalassemia,,alive,Kurunegala,,,Sinhala,Kobeiygane,Kurunegala,"E.M. Senarath Ekanayaka, Meegaswewa, Alahenegama",,
811,Hana,,Female,02 June 2010,Beta Thalassaemia Major,Beta Thalassaemia Major,,alive,Kurunegala,,,Muslim,Panduwasnuwara - West,Kurunegala,"M.M.Fareeda,Chilaw Road,Udakadawala,Bandarakoswaththa",,
812,T.M,Sawithra Lakmini,female,22 July 2010,Beta Thalassaemia Major,Beta Thalassaemia Major,O neg,alive,Kurunegala,,,Sinhala,Ganewaththa,Kurunegala,"W.M.Wajira Indumathi,Arambe Niwasa,Kanwa,Mahamukalanyaya",,
813,H.T.Sanal,Fernando,male,23 June 2023,Beta Thalassaemia Major,Beta Thal major,O pos,Underwent BMT,,,,Sinhala,Pannala,Kurunegala,"P.A.Sarojani Dhammika Kumari,No.377,Halpane,Giriulla",,
814,M.H.Afkar,,Male,01 September 2010,E Beta Thalassemia,E β Thalassaemia,B neg,alive,Kurunegala,,,Muslim,Thirampane,Anuradhapura,No,,
815,R.P.N.Lakshan,Jayakody,male,25 June 2010,Beta Thalassaemia Major,Beta Thal major,O pos,alive,Kurunegala,,,Sinhala,Anamanduwa,Puttlam,"H.P.Ayirin Deepanika,Diulwewa,Anamanduwa",,
816,S.Anthony,Pillei,male,13 May 1983,Sickle cell Disease ,HB S/Beta thalassemia,,alive,Kurunegala,,,Sinhala,Mannar,Mannar,No,,
817,A.M.Nisandi,Kavindya,female,21 July 2010,Beta Thalassaemia Major,Beta Thal major,A pos,Underwent BMT,,,,Sinhala,Maspotha,Kurunegala,"A.M. Asela Arawinda, No.33, 2nd Lane, Rathkarawwa, Maspotha",,
818,W.M.C.S,Wanninayaka,male,02 April 1984,Delta Beta Beta Thalassemia,Delta Beta Thalassemia,,alive,Kurunegala,,,Sinhala,Galgamuwa,Kurunegala,"Madadombe, Gallewa, Galgamuwa",,
819,G.D.N Sewwandi,Weerasinghe,Female,08 September 2010,Beta Thalassaemia Major,β Thal major,B pos,alive,Kurunegala,,,Sinhala,Mallawapitiya,Kurunegala,"H.M.Niluka Damayanthi,Alegodawaththa,Meddegama,Wellawa",,
820,A.P.D.Dilki,Nimeshika,Female,02 October 2002,E Beta Thalassemia,E Beta Thalassemia,,alive,Kurunegala,,,Sinhala,Narammala,Kurunegala,"A.P.D.Sanjeewa Karunarathna,No.820, Weragala Waththa,Narammala",,
821,Mohomed,Ammar,Male,13 July 2010,Beta Thalassaemia Major,β Thalassaemia major,O pos,alive,Kurunegala,,,Muslim,Naula,Mathale,"M.Iyiyub,Naliyalakanaththa,Ambana,Mathale",,
822,K.M.Senesh,Sanjana,Male,05 July 2010,Beta Thalassaemia Major,β Thal major,A pos,alive,Kurunegala,,,Sinhala,Nikaweratiya,Kurunegala,"K.M.Prasanna Sanjaya,Willagoda,Nikaweratiya",,
823,R.P.Tharaka Nuwan,Wijesinghe,Male,10 November 2007,E Beta Thalassemia,E/β Thalassaemia,,alive,Kurunegala,,,Sinhala,Weerambugedara,Kurunegala,"M. Deepani Swarnathilaka, Galgahamula kade Bare, Pahala Madawala, Uhumeeya",,
824,A.H.M,Rathnasiri,Male,15/08/1966,E Beta Thalassemia,E Beta Thalassaemia,,Dead,Kurunegala,2/6/2012,,Sinhala,Anamanduwa,Puttlam,,,
825,Dineth Jayasanka,Herath,Male,09 September 2009,Beta Thalassaemia Major,Beta Thal major,A pos,Underwent BMT,,,,Sinhala,Madayama Nu. Gamapatha,Anuradhapura,No,,
826,A.M.T.Nilmini,Adikari,Female,28 September 1995,Thalassaemia Intermedia,Beta Thalassemia Trait,,alive,Kurunegala,,,Sinhala,Kurunegala,Kurunegala,"A.M.J. Adhikari, Thalagahawaththa, Alakoladeniya, Negambo Road, Kurunegala",,
827,K.H.A.Sanduni,,Female,26 October 2007,E Beta Thalassemia,E/β Thalassaemia,,alive,Kurunegala,,,Sinhala,Arachchikattuwa,Puttlam,"S.A.Sandamalai,henriwaththa,Kudamanaweriya,Rajakadaluwa",,
828,M.N.Thishma,,Female,12 October 2009,Beta Thalassaemia Major,Beta Thal major,,alive,Kurunegala,,,Sinhala,Rideegama,Kurunegala,"M.C. N. Mohomed, Kurugodapitiya, Panagamuwa",,
829,Sasridu Dinhas,Samarathunga,Male,19 January 2010,Beta Thalassaemia Major,β Thalassaemia major,A pos,Underwent BMT,,,,Sinhala,Ibbagamuwa,Kurunegala,"N. Senawirathna, No. 107, Gadagala, Kubukwewa",,
830,S.R.Sujeewa,Sanjeewa,Male,05 August 1980,Thalassaemia Intermedia,Thal Intermedia,,,Ragama,,,Sinhala,Rambukkana,Kegalle,"E 62, Mathahena, Warakapola",,
831,A.M.Pornima,Madushani,Female,26 November 2005,Beta Thalassaemia Major,β Thal major,AB pos,alive,Kurunegala,,,Sinhala,Ibbagamuwa,Kurunegala,"A.M. Senanayaka, Handawalpola, Dideniya",,
832,M.K.Wickramasinghe,,Female,17 October 2006,E Beta Thalassemia,E β Thalassaemia,,alive,Kurunegala,,,Sinhala,Anamanduwa,Puttlam,"No. 96, h 09 Gammanaya, Ihala Uswewa, Mahauswewa, Anamnduwa",,
833,P.W.Chandima Inoka,Weerasingha,Female,03 May 1998,Beta Thalassaemia Major,Beta Thal major,A pos,alive,Kurunegala,,,Sinhala,Aranayake,Kegalle,"P.W. Somarathna, Kadewaththa, Thel 01, Aranayaka",,
834,Malith,Deshan,Male,12 December 2010,Beta Thalassaemia Major,β Thal major,AB pos,alive,Kurunegala,,,Sinhala,Nochchiyagama,Anuradhapura,"Mallika Premasiri,Udunuwara Janpadaya,Siyamblagahagama,Nochchiyagama",,
835,H.M Hansi,Lalitya,Female,13 May 1990,Beta Thalassaemia Major,Beta Thalassaemia Major,O pos,Dead,Kurunegala,4/4/2016,Pneumonia,Sinhala,Kuliyapitiya - West,Kurunegala,"C.M.S.S.Athakada,""Kusum"",Galakumbura,Kithalawa,Kuliyapitiya",,
836,Charuni,Sulakkana,Female,19 June 1998,Beta Thalassaemia Major,β Thal major,O pos,alive,Kurunegala,,,Sinhala,Kuliyapitiya - West,Kurunegala,"C.M.S.S.Athakada,""Kusum"",Galakumbura,Kithalawa,Kuliyapitiya",,
837,Fathima,Najeela,Female,26 July 1997,Beta Thalassaemia Major,β Thalassaemia major,AB pos,alive,Kurunegala,,,Muslim,Ruwanawala,Kegalle,"M.S.M. Sthar, No. A 45/3, Ihalagama, Sannasthota",,
838,Sasini,Harshika,Female,31 December 2010,Beta Thalassaemia Major,β Thal major,O pos,alive,Kurunegala,,,Sinhala,Mathale,Mathale,No,,
839,W.P.C Dilshan,Kumara,Male,06 February 2009,E Beta Thalassemia,E/β Thalassaemia,,alive,Kurunegala,,,Sinhala,Maspotha,Kurunegala,"W.P. Ajith Kumara,No.27/1,Manel Waththa Road,Pahala Maragama,Maspotha",,
840,I.K.M.T.Sadewma,Ilangasingha,Female,23 September 2009,Thalassaemia Intermedia,Beta Thalassemia Trait,A pos,alive,Kurunegala,,,Sinhala,Kekirawa,Anuradhapura,"I.K.M.P.K. Ilangasinghe, Hathare kanuwa Asla, Sasthrawelliya, Kekirawa",,
841,T.M.Sudarshani,Udeshika,Female,21 November 2010,E Beta Thalassemia,E Beta Thalassemia,B pos,alive,Kurunegala,,,Sinhala,Galgamuwa,Kurunegala,"H.M. Sunethra Udayangani Herath, Kallanchchiya, Galgamuwa",,
842,Lahiru,Madushan,Male,03 November 1998,Beta Thalassaemia Major,β Thal major,O pos,alive,Kurunegala,,,Sinhala,Morawewa,Trinco,"A. Niramala Malkanthi, Athabediwewa, Rotawewa",,
843,R.Kaveen,Prabhath,Male,22 March 2005,Beta Thalassaemia Major,Beta Thal major,B pos,alive,Kurunegala,,,Sinhala,Morawewa,Trinco,"A. Niramala Malkanthi, Athabediwewa, Rotawewa",,
844,A.,Deepthika Sadamali,Female,01 March 1998,E Beta Thalassemia,Hb E Beta Thalassaemia,O pos,alive,Kurunegala,,,Sinhala,Galigamuwa,Kegalle,"M.P. Gunawathi, Pokutuwa, Damunupola, Kegelle",,
845,L.W.A.Rasanga,Dulanjali,Female,24 September 2010,Beta Thalassaemia Major,Beta Thal major,O pos,alive,Kurunegala,,,Sinhala,Ganewaththa,Kurunegala,"L.W. Chandrathilaka, Mellapitiya, Mahamulanyaya",,
846,W.M.Udara,Chethana,Male,23 April 2000,E Beta Thalassemia,E Beta Thalassemia,,alive,Kurunegala,,,Sinhala,Giribawa,Kurunegala,"Seetha Dissanayaka, Pasala Idiripita, Mailewa, Thambuththa",,
847,K.P.Sumanawathi,,Female,28 July 1971,Thalassaemia Intermedia,Beta Thalassemia Trait,A pos,alive,Kurunegala,,,Sinhala,Kurunegala,Kurunegala,"No. 296, Pahala Waraddana, Wellawa",,
848,S.P.D.H.Nilnuwan,Piyathissa,Male,12 April 2011,Beta Thalassaemia Major,Beta Thal major,O pos,alive,Kurunegala,,,Sinhala,Kotawehera,Kurunegala,"K.G. Ruwani Priyadarshani,Bekary Niwasa,Kaluachchigama,Monnekulama,Kotawehera",,
849,N.M,Rfard,Male,15 February 2011,Beta Thalassaemia Major,Beta Thalassaemia Major,O pos,alive,Kurunegala,,,Muslim,Mawathagama,Kurunegala,"S.M. Nawsam, No. 170/3, Ilukewela, melawaththa",,
850,L.G.R.Pathum,Navodya,Male,29 May 2007,Sickle cell Disease ,HB S/Beta thalassemia,,alive,Kurunegala,,,Sinhala,Kuliyapitiya - West,Kurunegala,".P. Lakshaman Pushpa Kumara, Kuliyapitiya",,
852,Dilmi,Kavindiya,Female,09 August 2003,E Beta Thalassemia,E β Thalassaemia,O pos,alive,Kurunegala,,,Sinhala,Keggole,Kegalle,"H.Nandani Swarnathilaka, Malgammana, Moronthota",,
853,S.L.R.Umma,,Female,25 October 1962,E Beta Thalassemia,E Beta Thalassemia,,alive,Kurunegala,,,Muslim,Nikaweratiya,Kurunegala,"Hilogama, Nikawerastiya",,
854,E.M.I.Thathsarani,Ekanayaka,Female,03 March 2011,Beta Thalassaemia Major,β Thal major,O pos,alive,Kurunegala,,,Sinhala,Wariyapola,Kurunegala,"E.M. Wijekoon,Kalawanegedara, Wariyapola",,
855,D.M.S.Umeda,Srimali,Female,22 May 2011,Beta Thalassaemia Major,Beta Thal major,O pos,Underwent BMT,,,,Sinhala,Panduwasnuwara - West,Kurunegala,"B.M. Jayantha Balasooriya, Wanduressa,Bandarakoswaththa",,
856,S.M.Dharmathilaka,,Female,23 January 1960,Thalassaemia Intermedia,Thal Intermedia,A pos,alive,Kurunegala,,,Sinhala,Weerambugedara,Kurunegala,"Subadra, Diulwewa, Hettipola",,
857,E.M.Bandaramenike,,Female,21 May 1950,Delta Beta Beta Thalassemia,Delta Beta Thalassemia,,alive,Kurunegala,,,Sinhala,Maspotha,Kurunegala,"Kidapola, Kudagalagamuwa",,
858,Manoja,Madurangi,Female,03 March 2003,Beta Thalassaemia Major,Beta Thalassaemia Major,A pos,Dead,Kurunegala,7/3/2014,Diabetes,Sinhala,Pathadumabara,Kandy,,,
859,J.A.A.Pradeep,Mayadunna,Male,13 May 2011,Beta Thalassaemia Major,Beta Thal major,O pos,Underwent BMT,,,,Sinhala,Bamunakottuwa,Kurunegala,"J.A. Siril Mayadunna, Koswaththa, Panadaragama",,
860,W.B.S.B.Abeysinghe,,Male,03 March 1977,Thalassaemia Intermedia,β Thal Intermedia,O pos,alive,Kurunegala,,,Sinhala,Giribawa,Kurunegala,"W.B.S.B. Abesinghe, No. 25, Niwasa 30, Warawewa, Galgamuwa",,
861,N.H.Imosha,Maduwanthi,Female,25 December 2010,E Beta Thalassemia,HbE/β thalassaemic,AB pos,alive,Kurunegala,,,Sinhala,Galgamuwa,Kurunegala,"S.H. Sriyani,Nallachchiya, Mahananneriya, Galgamuwa",,
862,H.R Nadeesha,Lakshani Premathilaka,Female,30 May 1999,Beta Thalassaemia Major,β Thal major,O pos,alive,Kurunegala,,,Sinhala,Galigamuwa,Kegalle,"H.R. Sarath Pramathilaka, C19, Thalapoluwa, Yattogoda",,
863,W.A.M.,Chamod,Male,11 October 2010,Beta Thalassaemia Major,β Thal Major,A pos,alive,Kurunegala,,,Sinhala,Galgamuwa,Kurunegala,"W.M. Lakshman Udaya kumara, Demeda Diulwewa, Mahananneriya, Galgamuwa",,
864,T.G.Janidu Dinesh,Gunarathna,Male,12 September 2001,Thalassaemia Intermedia,Beta Thalassemia Trait,O pos,alive,Kurunegala,,,Sinhala,Dambulla,Mathale,"P.G. Gunarathna Banda, No.143, Digampathaha, Kimbissa",,
865,H.P.D.Sandaru,Theekshana,Male,10 February 2008,E Beta Thalassemia,E Beta Thalassemia,,alive,Kurunegala,,,Sinhala,Kuliyapitiya - West,Kurunegala,"Chandana Sampatha Wijesinghe, Beminigalla, Anukkane",,
866,E.M,Himidi,Female,13 November 2009,E Beta Thalassemia,E Beta Thalassaemia,,alive,Kurunegala,,,Sinhala,Ahetuwewa,Kurunegala,"E.M. Ajith Kumara, Dewata Road, Kaduruwewa, Ahetuwewa",,
867,M.A.N.Navodya,Senarath,Female,16 January 2010,E Beta Thalassemia,E Beta Thalassemia,,Underwent BMT,,,,Sinhala,Polpithigama,Kurunegala,"M.A.D. Senarath, Moroththa, Madahapola",,
868,D.M.O.Geethma,Dissanayaka,Female,08 September 2009,E Beta Thalassemia,E Beta Thalassemia,,alive,Kurunegala,,,Sinhala,Narammala,Kurunegala,"T.S. Susilawathi, Thalahena, Loluwagoda",,
869,K.G.K Rathnayake,,Male,23 November 1993,Beta Thalassaemia Major,β Thalassaemia major,O pos,alive,Kurunegala,,,Sinhala,Nochchiyagama,Anuradhapura,"Kamal Sennanayaka, Nikawewa Handiya, Nochchiyagama",,
870,Sachithra,Lakmali,Female,03 January 1990,E Beta Thalassemia,E Beta Thalassemia,O pos,,Ragama,,,Sinhala,Keggole,Kegalle,"S. Jayathilaka, No.09, Malpandeiya waththa, Dewani Patumaga, Kegalle",,
871,Bhagya Thathsarani,Jayathilaka,Female,31 August 1999,Beta Thalassaemia Major,Beta Thal major,O pos,dead,Kurunegala,23/11/2023,,Sinhala,Keggole,Kegalle,"S. Jayathilaka, No.09, Malpandeiya waththa, Dewani Patumaga, Kegalle",,
872,M.I.Anfal,Ahamad,Male,12 December 2009,E Beta Thalassemia,E Beta Thalassemia,B pos,alive,Kurunegala,,,Muslim,Galnewa,Anuradhapura,"S.Sona, Negama, Negampaha",,
873,L.C.Pathirana,,Male,13 January 2011,Beta Thalassaemia Major,β Thal major,AB neg,alive,Kurunegala,,,Sinhala,Ibbagamuwa,Kurunegala,"D.P. Lal Dayarathna, Namlgama, Ambanpola, Melsiripura",,
874,N.S.Neranjana,Wijerathna,Female,14 July 2006,Beta Thalassaemia Major,Beta Thal major,B pos,alive,Kurunegala,,,Sinhala,Ipalogama,Anuradhapura,"J.N. Wijerathna, No.89, Mahameegassadagama, Mah Iluuppallama",,
875,W.Nethumi,Nisathma,Female,18 May 2011,Beta Thalassaemia Major,Beta Thal major,A pos,alive,Kurunegala,,,Sinhala,Weerambugedara,Kurunegala,"W.Thusitha Nuwan Priyadarshana, Meth Sisila, Siyambalawehara, Kalugamuwa",,
876,Saranga Sandun,Kumara,Male,30 August 1999,Beta Thalassaemia Major,β Thal major -δ ads confirmed by genetic studies,A pos,alive,Kurunegala,,,Sinhala,Dikpitiya,Kegalle,"B.G. Rosalin, Hella, Batahira, Aranayaka",,
877,Fathima,Safaya,Female,07 March 2006,E Beta Thalassemia,E Beta Thalassaemia,,alive,Kurunegala,,,Muslim,Galewela,Mathale,"No.133/01, Namdagahawaththa, Galewela",,
878,T.Seelasumana Silmathawa,,Female,30 May 1932,E Beta Thalassemia,E Beta Thalassemia,B pos,dead,Kurunegala,,,Sinhala,Maharagama,Colombo,"Pera Pasala Idiripita, Dunupaththage, Wellagala, Wariyapola",,
879,Priyanka,Rathnayake,Female,17 October 1975,Beta Thalassaemia Major,β Thalassaemia major,B pos,alive,Kurunegala,,,Sinhala,Kanthale,Trinco,"No.09, Jayanthipura, Kanthale",,
880,Wathsala Vikum,Kumarathunga,Male,08 April 2011,E Beta Thalassemia,E-β Thalassaemia,A pos,alive,Kurunegala,,,Sinhala,Dambulla,Mathale,"R.M. Disna Swarnamali, No.27, Kalohagahaela road, Kandalama, Dambulla",,
881,Dulakshi,Udeshika,Female,05 November 2002,E Beta Thalassemia,E/β Thal,,alive,Kurunegala,,,Sinhala,Wariyapola,Kurunegala,"Deepa Priyangika, Bhama Pathirana, Wimalagama, Wellagala, Wariyapola",,
882,Deliema,Kumari,Female,03 July 1996,Beta Thalassaemia Major,Beta Thalassaemia Major,O pos,Dead,Kurunegala,17/05/2017,Abscess,Sinhala,Pandulagama,Anuradhapura,"A.M. Sirithunga, Ulukkulama, Maha Bulankulama",,
883,A.M.P.Sameera,Kumara,Male,08 April 1998,Beta Thalassaemia Major,Beta Thal major,A pos,,Ragama,,,Sinhala,Pandulagama,Anuradhapura,"A.M. Sirithunga, Ulukkulama, Maha Bulankulama",,
884,H.M.Ayesh,Chamodya,Male,29 September 2004,E Beta Thalassemia,E Beta Thalassemia,B pos,alive,Kurunegala,,,Sinhala,Wariyapola,Kurunegala,No,,
885,R.P.D.S.Nimthara,Ekanayaka,Female,22 August 2011,Beta Thalassaemia Major,Beta Thal major,O pos,alive,Kurunegala,,,Sinhala,Nawagaththegama,Puttlam,"M.P. Chandani Rajapaksha, No. 206, H1 B Gammanaya, Iginimitiya",,
886,Ayauika,Binaya Wickramarathna,Female,08 September 2011,Beta Thalassaemia Major,Beta Thalassaemia Major,,alive,Kurunegala,,,Sinhala,Weerambugedara,Kurunegala,"S.R.K. Wickramarathna, Aluth Gedara, Pathinwaththa, Ethanawaththa",,
887,T.M.Tharusha,Nemesh,Male,28 September 2010,Beta Thalassaemia Major,β Thal major,B pos,alive,Kurunegala,,,Sinhala,Polpithigama,Kurunegala,"J.M. Nishantha Kumara, Degoda Thueawa, Polpithigama",,
888,S.M.K.Anuradha,Bandara,Male,06 September 2006,Beta Thalassaemia Major,Beta Thal major,A pos,,Anuradhapura,,,Sinhala,Rambawewa,Anuradhapura,"T.B. Senarath Gamini, No.155, Mahakanadarawa, Dakunu Iwura, Yaya - 2, Rambawewa",,
889,M.A.Shashiprabha,Nayanathara,Female,06 September 2011,Beta Thalassaemia Major,β Thalassaemia major,O pos,alive,Kurunegala,,,Sinhala,Polgahawela,Kurunegala,"R. Malani Gunarathne, No. 171/3, Ihalawaththa, Barehelagamuwa, Polgahawela",,
890,M.H.G.N.Ensan,Nanayakkara,Male,21 November 2011,Beta Thalassaemia Major,Beta Thal major,O pos,Underwent BMT,,,,Sinhala,Mathale,Mathale,"123/5A, Beeridewala Road, Aluwihare, Mathale, Sri Lanka",,
891,H.A.M.H.Sathsarani,Hettiarachchi,Female,15 March 2011,Beta Thalassaemia Major,Beta Thal major,,alive,Kurunegala,,,Sinhala,Bingiriya,Kurunegala,"H.A.M. Pubudu Kumara, Diulgasa Angaya, Padiwela",,
892,W.M.S.Bandara,Wijekoon,Male,17 April 1990,Beta Thalassaemia Major,Beta Thal major,B neg,alive,Kurunegala,,,Sinhala,Galnewa,Anuradhapura,"K.B. Wijekoon, Siyamblewa, Negampaha",,
893,M.J.M.Shafeek,,Male,11 April 2011,Alpha Beta Thalassemia,δ β Thal major,O pos,alive,Kurunegala,,,Muslim,Meerigama,Gampaha,"M.M. Jelin, No. 342/1, Dampilewa, Kaleliya",,
894,R.W.K. Senika,,Female,24 October 2011,Beta Thalassaemia Major,β Thal major,,alive,Kurunegala,,,Sinhala,Galgamuwa,Kurunegala,"Mahagalgamuwa, Galgamuwa,",,
895,H.Indunil,Rupasingha,Male,20 August 2000,Beta Thalassaemia Major,Beta Thal major,AB pos,,Unknown,,,Sinhala,Mahavilachchiya,Anuradhapura,"Ravindra rupasena, Medawachchiya, Eliya, Thanthirimale",,
896,W.Pramodya,Sandeepani,Female,27 November 2004,E Beta Thalassemia,E/β Thal,,alive,Kurunegala,,,Sinhala,Ibbagamuwa,Kurunegala,"W. Priyadarshana, Welegedara, Ihalagama, Dehelagamuwa",,
897,Mohomed,Rushdi,Male,16 August 2011,Beta Thalassaemia Major,β Thal major,AB pos,alive,Kurunegala,,,Muslim,Ibbagamuwa,Kurunegala,"Fathima Sahira,Madige, Dethiliyanga, Mosque Road, Ibbagamuwa",,
898,W.M.Sadew,Dewshan,Male,17 May 2011,E Beta Thalassemia,E β Thalassaemia,,alive,Kurunegala,,,Sinhala,Galgamuwa,Kurunegala,"W.M. R.C. Wijekoon, No. 87, Pothana Siyambalewa, Meegelawa",,
899,Dinusha,Lakshan,Male,25 June 2009,E Beta Thalassemia,E Beta Thalassemia,O pos,alive,Kurunegala,,,Sinhala,Wawniya,Wawniya,"Lalith Shantha Senanayaka, Aluth Waththa, Mahakachchakodiya, Wavniyawa",,
900,W.M.N.Abhimani,,Female,25 November 2011,Beta Thalassaemia Major,β Thal major,A neg,alive,Kurunegala,,,Sinhala,Palugaswewa,Anuradhapura,"K.Wijeweera Kumarasinghe Bandara, Bellankadawala, Palugaswewa",,
901,Maleesha,Maduranga,Male,19 August 2007,E Beta Thalassemia,E β Thalassaemia,,alive,Kurunegala,,,Sinhala,Ibbagamuwa,Kurunegala,"W. Priyadarshana, Welegedara, Ihalagama, Dehelagamuwa",,
902,W.Yasasri,Keminda,Male,12 July 2011,Beta Thalassaemia Major,Beta Thal major,A pos,alive,Kurunegala,,,Sinhala,Thalawa,Anuradhapura,"Piyal Rajakaruna, No. 6/7, Palugaswewa, Eppawala",,
903,Isuru,Lakshan,Male,05 May 2005,Alpha Beta Thalassemia,δ/β Thal intermedia,O pos,alive,Kurunegala,,,Sinhala,Ukuwela,Mathale,"D.M.Asela Gamini,34/2,Paranagamthenna,Ovilikanda,Mathale",,
904,Nimthara,Dewindi,Female,17/08/2004,Beta Thalassaemia Major,Beta Thal major,B pos,Dead,Kurunegala,11/1/2019,Abscess,Muslim,Palugaswewa,Anuradhapura,"D.G. Yamuna Shanthi Gunathilake,No.34/2,Paranagamthenna,Ovilikanda,Mathale",,
905,B.M.Adithi,Nimsara,Female,02 January 2012,Beta Thalassaemia Major,Beta Thal major,B pos,alive,Kurunegala,,,Muslim,Kobeiygane,Kurunegala,"B.M. Piyal Themiya, Kudawithikuliya, Withikuliya",,
906,G.B.S.Nadika,Indrawathi,Female,16 January 1985,E Beta Thalassemia,E Beta Thalassemia,,alive,Kurunegala,,,Sinhala,Ibbagamuwa,Kurunegala,"Wewalaga, Kubukwewa",,
907,J.M.Rashmitha,Deshan,Male,13 January 2012,Beta Thalassaemia Major,β Thal major,A pos,alive,Kurunegala,,,Muslim,Galgamuwa,Kurunegala,"J.M. Asanka Jayasinghe, No. 29, Koonwewa Janpadaya, Galagamuwa",,
908,M.M.F.Ramsana,,Female,06 September 1978,Delta Beta Beta Thalassemia,Delta Beta Thalassemia,,alive,Kurunegala,,,Muslim,Maho,Kurunegala,"N.L. Faushan Mohomed, Ulwalapola, Maho",,
909,N.L.F.F.Sahila,,Female,06 July 2008,Thalassaemia Intermedia,Thal Intermedia,,alive,Kurunegala,,,Muslim,Maho,Kurunegala,"N.L. Faushan Mohomed, Ulwalapola, Maho",,
910,M.R.A.Samir,,Male,02 May 2011,E Beta Thalassemia,E Beta Thalassemia,,Underwent BMT,,,,Muslim,Mathale,Mathale,"M.R.M.Risni Ahamed,156,Dolar Road, Mathale",,
911,M.M.Meesha,,Female,17 August 2011,Beta Thalassaemia Major,Beta Thal major,,dead,Kurunegala,27/03/2021,,Sinhala,Mawathagama,Kurunegala,"No. 53, Polwaththa road, Paragahadeniya, Weuda",,
912,Pasan,Pramuda,Male,24 October 2000,Beta Thalassaemia Major,β Thal major,B pos,alive,Kurunegala,,,Sinhala,Thalawa,Anuradhapura,"Piyal Rajakaruna, No. 6/7, Palugaswewa, Eppawala",,
913,T.M Yoshitha,Hasarel,Male,31 January 2011,Beta Thalassaemia Major,β Thal major,B pos,alive,Kurunegala,,,Sinhala,Nikaweratiya,Kurunegala,"D.M. Shalika Anuradha, Ihalawewa Road,Hewenpelessa, Nikaweratiya",,
914,Kawshalya,Sewwandi,Female,03 May 2006,E Beta Thalassemia,E/β Thalasseamia,B pos,alive,Kurunegala,,,Sinhala,Udubaddawa,Kurunegala,"W.A. Siriyani, Palugamuwa, Dummalsooriya",,
915,J.M.T Sanjalee,Jayawardana,Female,08 December 2011,Beta Thalassaemia Major,β Thal major,B pos,alive,Kurunegala,,,Sinhala,Ahetuwewa,Kurunegala,"M.M. Kumudu Hemalatha, No. 313/2/6,Andarawewa, Meegeleewa",,
916,R.P.Nethmi,Tharushika,Female,09 July 2008,E Beta Thalassemia,E/β Thalasseamia,O pos,alive,Kurunegala,,,Sinhala,Kobeiygane,Kurunegala,"R.P. Sumudu Ruwan Wimalasiri,Mawathagama,Hengamuwa, Kobeygane",,
917,J.M.Sanaya Senuri,Jayalath,Female,03 December 2011,Beta Thalassaemia Major,Beta Thal major,O pos,alive,Kurunegala,,,Sinhala,Kurunegala,Kurunegala,"J.M. Saliya Nisansala, Ogodapola, Boyagane, Kurunegala",,
918,R.I.Sandeepa,Senarathna,Male,05 September 2007,E Beta Thalassemia,E Beta Thalassemia,,alive,Kurunegala,,,Sinhala,Bamunakottuwa,Kurunegala,"R.A. Senarathna, No. 51, Rambawewa Road, Katupotha",,
919,G.Themiya Nirmal,Jayawikrama,Male,07 September 2010,E Beta Thalassemia,E/β Thalasseamia,,alive,Kurunegala,,,Sinhala,Maspotha,Kurunegala,"G. Amarasooriya Jayawickrama, 540/1, Wilgam Dematuwa, Wellagala",,
920,Udhanika,,Female,03 February 2012,Beta Thalassaemia Major,Beta Thal major,,,,,,Sinhala,Dehiaththakandiya,Ampara,"B.G. Nihal, 152, Nagaswewa, Dehiaththakandiya",,
921,Shalini,Nimaya,Female,15 December 2008,E Beta Thalassemia,E/β Thalasseamia,,alive,Kurunegala,,,Sinhala,Nikaweratiya,Kurunegala,"W.D. Niluka Chandani Abesekara, Danikithawa, Nikaweratiya",,
922,Binuth,Pehesara,Male,16 December 2011,Beta Thalassaemia Major,β  Thal major,,alive,Kurunegala,,,Sinhala,Nochchiyagama,Anuradhapura,"R.D.Sucharitha Nimini, Siyambalagahagama, Udunuwara Janapadaya, Nochchiyagama",,
923,H.M.A.S,Chandimal Herath,Male,29 January 2012,E Beta Thalassemia,E/β Thalasseamia,,alive,Kurunegala,,,Sinhala,Anamanduwa,Puttlam,"H.M. Sudesika Sandamali, Galkulama, Kottukachchiya",,
924,Kithupa,Vonal Jayasingha,Male,18 October 2011,Beta Thalassaemia Major,β Thal Major,,alive,Kurunegala,,,Sinhala,Padawiya,Anuradhapura,"J.A. Ruwan Sampatyha kumara, No. 1338/A, Agbopura, Padavi Sripura,",,
925,M.R.Murzid,,Male,16 February 2004,Other,Other,,alive,Kurunegala,,,Muslim,Rideegama,Kurunegala,"A.S.M. Rahuman, Polwaththa, Panagamuwa",,
926,M.D.Asher,Avanka,Male,15 April 2011,Beta Thalassaemia Major,Beta Thal major,N/A,,,,,Muslim,Minuwangoda,Gampaha,"Sanjeewani Fernando, No. 84, Wegowwa, Minuwangoda",,
927,Nethsara,Sandaruwan,Male,26 March 2012,Beta Thalassaemia Major,β Thal major,,alive,Kurunegala,,,Sinhala,Mathale,Mathale,"H.G. Sumith Priyadrashana, 35/2,Padiwita Janapadaya, Mathle",,
928,R.M Karunawathi,,Female,23 October 1956,Delta Beta Beta Thalassemia,Hb D Homozygours,,alive,Kurunegala,,,Sinhala,Polgahawela,Kurunegala,"Maningamuwa, Thalawaththegedara",,
929,Mohomed,Safki,Male,12 August 2008,Beta Thalassaemia Major,β Thal major,O pos,alive,Kurunegala,,,Muslim,Kuliyapitiya - West,Kurunegala,"No. 115/11, Ananda Mawatha, Pallapitiya, Kuliyapitiya",,
930,D.C.,Sandeepa,Male,11 November 2004,Beta Thalassaemia Major,β Thal major,A pos,alive,Kurunegala,,,Sinhala,Kabathigollewa,Anuradhapura,"D.C. Pushpa Kumara, Gonuhathdenawa, Kebathigollewa",,
931,Umesha,Aluvihare,Female,27 April 2012,Beta Thalassaemia Major,β Thal major,B pos,alive,Kurunegala,,,Sinhala,Mallawapitiya,Kurunegala,"Sunethra Hearath, Ranawana, Torayaya",,
932,R.Akmal,,Male,27 May 2011,E Beta Thalassemia,E Beta Thalassemia,,alive,Kurunegala,,,Muslim,Ipalogama,Anuradhapura,"No. 30, Amunawetiya, Kalwewa, Wijithpura",,
933,L.Samadhi Chethana,Bandara,Female,01 August 2012,Beta Thalassaemia Major,Beta Thal major,O pos,alive,Kurunegala,,,Sinhala,Kurunegala,Kurunegala,"L. Chandana Sampath Bandara, Ginikarawa, Bigahalanda, Wellawa",,
934,R.,Hamda,Female,10 June 2012,Beta Thalassaemia Major,Beta Thalassaemia Major,O pos,alive,Kurunegala,,,Muslim,Rasnayakapura,Kurunegala,"M.Saleem Fathima, Nammuwawa, Heelogama, Nikaweratiya",,
935,C.W.L.H,Wijessoriya,Male,12 April 2011,Beta Thalassaemia Major,Beta Thalassaemia Major,A neg,alive,Kurunegala,,,Sinhala,Anamanduwa,Puttlam,"R.M. damayanthi Gunathilaka, Gallewa, Anmanduwa",,
936,H.Sewmini,Nimsara,Female,05 April 2012,Beta Thalassaemia Major,β Thalassaemia major,B Positive,alive,Kurunegala,,,Sinhala,Wariyapola,Kurunegala,"Tharanga Mandumali Damayanthi, Deduru Oya Para, Batuwewa, Thalwita",,
937,K.M.Tharusha,Dilshan,Male,01 June 2012,Beta Thalassaemia Major,Beta Thal major,A neg,,,,,Sinhala,Ambagamuwa,Nuwaraeliya,No,,
938,hamidu Heshan,Priyashantha,Male,20 April 2012,Beta Thalassaemia Major,Beta Thal major,B pos,alive,Kurunegala,,,Sinhala,Pannala,Kurunegala,"R.A Chaminda Priyashantha, Dangaspiiya, Narangolla",,
939,Ayesha,Sanaa,Female,28 May 2012,Beta Thalassaemia Major,Beta Thal major,B pos,,,,,Muslim,Puttlam,Puttlam,"8/A, Manel kanda Road, Puththalam",,
940,A.M.Nikeshi Ruwansha,Athapaththu,Female,06 September 2012,Beta Thalassaemia Major,Beta Thal major,B pos,Underwent BMT,,,,Sinhala,Kobeiygane,Kurunegala,"A.M. Saman Bandara, Pahala Maulla, Boraluwa",,
941,M.M.Janani,Sanjana,Female,04 July 2010,Beta Thalassaemia Major,Beta Thal major,O pos,Underwent BMT,,,,Sinhala,Negambo,Gampaha,"292/1, duwa, Negombo",,
942,Thushaa,,Female,08 December 2010,Beta Thalassaemia Major,Beta Thal major,A pos,Underwent BMT,,,,Muslim,Akurana,Kandy,"10/3, Kurugoda North, Akurana",,
943,K.M.Oshadi Sathsarani,Sansala,Female,02 December 2012,Beta Thalassaemia Major,Beta Thal major,A pos,alive,Kurunegala,,,Sinhala,Polpithigama,Kurunegala,"A.W. Shamili Anuruddhika, Dewala Mawatha, Welikanda, Nikadalupotha",,
944,W.Arunodani Subhashini,Warnakulasooriya,Female,12 January 1992,E Beta Thalassemia,E Beta Thalassemia,A pos,,Anuradhapura,,,Sinhala,Kanthale,Trinco,"No.42, Rajawewa, Agbopura, Kanthale",,
945,Fathima,Shahana,Female,13 August 2010,Beta Thalassaemia Major,Beta Thalassaemia Major,B pos,alive,Kurunegala,,,Muslim,Kuliyapitiya - West,Kurunegala,"S.D.M. Sadan, No.115/11, Ananda mawatha, Pallapitiya, Kuliyapitiya",,
946,D.M.Sandipani,Sathsarani Dasanayaka,Female,11 May 2011,E Beta Thalassemia,E Beta Thalassaemia,B pos,alive,Kurunegala,,,Sinhala,Polgahawela,Kurunegala,"D.M. Nisantha Salithnanda Dasanayake, No.7, Maningamuwa, Thalawaththegedara, Polgahawela",,
947,H.A,Dasithi Navithma,Female,22 November 2012,Beta Thalassaemia Major,Beta Thalassaemia Major,B pos,alive,Kurunegala,,,Sinhala,Kuliyapitiya - East,Kurunegala,"H.A.C. Sagara Nimalasena, Lankarangedara, Bogamulla",,
948,S.C.Rashmitha,Senarath,Male,07 November 2012,Beta Thalassaemia Major,Beta Thal major,A pos,,Anuradhapura,,,Sinhala,Horowpathana,Anuradhapura,"Galahitiyagama, Kapugollewa, Horowpathana",,
949,D.Prasadi Sandalika,Dahanayaka,Female,18 March 2000,E Beta Thalassemia,E Beta Thalassemia,,alive,Kurunegala,,,Sinhala,Rideegama,Kurunegala,"I.M.D.d.K. Dissanayake, Pahala Reddagoda, Riddegama",,
950,H.A.M.Hasadara,Sathsarani,Female,15 March 2011,Beta Thalassaemia Major,Beta Thal major,,alive,Kurunegala,,,Sinhala,Bingiriya,Kurunegala,"H.A.M. Pubudu Kumara, Diulgasa Angaya, Padiwela",,
951,Hashini,Olagama,Female,09 November 2012,Beta Thalassaemia Major,Beta Thal major,,Underwent BMT,,,,Sinhala,Mallawapitiya,Kurunegala,"K.R. Amila Olagama, 'Priyanka', Temple Road, Wellawa",,
952,Manimi,Bihansa,Female,19 January 2013,Beta Thalassaemia Major,Beta Thalassaemia Major,O pos,alive,Kurunegala,,,Sinhala,Maho,Kurunegala,"R.I.B. Maura prabath Kumara, No.167, Jayarathna Weladasela, Ipalogama, Maho",,
953,K.A.Nevon,Rishon,Male,11 December 2012,Beta Thalassaemia Major,Beta Thalassaemia Major,O pos,alive,Kurunegala,,,Sinhala,Beliaththa,Hambanthota,"K.A. Prasath lal Kumara, Hilegedara, Miriswaththa, Beliaththa",,
954,P.,Dewmi Wickramasinghe,Female,15 April 2013,Beta Thalassaemia Major,Beta Thalassaemia Major,,alive,Kurunegala,,,Sinhala,Rambukkana,Kegalle,"W.S.N. Wickramasinghe, Dombemada, Rambukkana",,
955,P.,Tharoshi Akarsha,Female,27 February 2013,E Beta Thalassemia,E Beta Thalassaemia,,alive,Kurunegala,,,Sinhala,Nikaweratiya,Kurunegala,"P.H. Mallika, No. 11, Katagamuwa, Nikaweratiya",,
956,M.P.Himasha,Lakshan,Male,24 September 2012,Beta Thalassaemia Major,Beta Thal major,N/A,Underwent BMT,,,,Sinhala,Kuliyapitiya - East,Kurunegala,"M.P.D. Thushara Kusum Chandrasisri, Palegedara, Bogamulla",,
957,R.G.Kanthi,Rajapaksha,Female,20 August 1971,E Beta Thalassemia,Hb E Disease,,alive,Kurunegala,,,Sinhala,Ibbagamuwa,Kurunegala,"Kapila Stores, Dambahera, Madahapola",,
958,R.K,Hikgoda,Male,12 April 1966,Thalassaemia Intermedia,Thal Intermedia,,Dead,Kurunegala,20/11/2024,Accident,Sinhala,Galewela,Mathale,"R.K. hikgoda, Kolambugolla, Galewela",,
959,N.P.Hirushan Sanjeewa,Weediyawatta,Male,25 December 2012,Beta Thalassaemia Major,Beta Thal major,O pos,alive,Kurunegala,,,Sinhala,Mawathagama,Kurunegala,"Y. Thushari Menaka Weerakoon, Rukgolla, Waththa, Barandana, Kahapathwala",,
960,P.M.Thilak,Sanjeewa,Male,27 April 1973,Thalassaemia Intermedia,Thal Intermedia,O pos,dead,Kurunegala,,,Sinhala,Maho,Kurunegala,"Aluth Gedara, Mahakoonwewa, Maho",,
961,F.M.Sahala,,Female,06 July 2008,Thalassaemia Intermedia,β Thal intermedia     AIHA,O pos,alive,Kurunegala,,,Muslim,Maho,Kurunegala,"N.L.F. Mohomed, Ullapola, Maho",,
962,S.,Apsara Dewmin,Female,03 May 2011,E Beta Thalassemia,E Beta Thalassaemia,,alive,Kurunegala,,,Sinhala,Thambuththegama,Anuradhapura,"H.M. Champika Senavirathna, Kudawewa, Kiralogama",,
963,J.M,Thinew Bhashitha Jayasingle,Male,07 March 2013,Beta Thalassaemia Major,β Thal major,B pos,alive,Kurunegala,,,Sinhala,Galgamuwa,Kurunegala,"M.P. Dilhani Wasana Nishshsanka, Kudagalawewa, Ahetuwewa, Galgamuwa",,
964,P.G,Buddhi Harshana,Male,04 June 2007,Beta Thalassaemia Major,β Thal major,O pos,alive,Kurunegala,,,Sinhala,Naula,Mathale,"Chithra priyadarshani, No. 10, Ranawiru Gammanaya, Arangala, Naula",,
965,Sandasi,Nimsara,Female,23 April 2013,Beta Thalassaemia Major,β Thal major,A pos,Underwent BMT,,,,Sinhala,Polpithigama,Kurunegala,"Alagamuwa, Thalakolawewa, Polpithigama",,
966,Kaveesha,Chamodani,Female,16 April 2013,E Beta Thalassemia,E Beta Thalassaemia,A pos,alive,Kurunegala,,,Sinhala,Ambanpola,Kurunegala,"R.M. Jayanthi Rathnayake, Waragammana, Ambanpola",,
967,I.M.Adithya Prathap,Ilangasingha,Male,31 May 2013,Beta Thalassaemia Major,Beta Thal major,B pos,alive,Kurunegala,,,Sinhala,Galewela,Mathale,"A.g. Anoma wanasinghe, Medalanda Road, Siyambalawaththa, Dewahuwa",,
968,R.M.B.Sandun,Sathsara,Male,17 December 2012,Beta Thalassaemia Major,Beta Thal major,O pos,Underwent BMT,,,,Sinhala,Anamanduwa,Puttlam,"R.M. Theekshana Rathnayake, 6th Gammanaya, Merungoda, Mahauswewa, Anamanduwa",,
969,W.,Nethmi Nirmala,Female,05 June 2013,Beta Thalassaemia Major,β Thal major,,alive,Kurunegala,,,Sinhala,Polpithigama,Kurunegala,"W. Roshan Kumarasinghe, Weligoda, Polpithigama",,
970,W.M.Rismi Gihara,Wijekoon,Female,31 March 2010,E Beta Thalassemia,E Beta Thalassemia,,alive,Kurunegala,,,Sinhala,Anamanduwa,Puttlam,"Manjula  Priyanath Wijekoon, Naikulama, Siyambalagashena, Anamnduwa",,
971,Vishmi,Umayangana,Female,10 August 2012,E Beta Thalassemia,Hb E Disease,,alive,Kurunegala,,,Sinhala,Panduwasnuwara - West,Kurunegala,"H.m. Nuwan Sanjeewa, Walpaluwa, Mandapola",,
972,H.P.Nimali,Himansha,Female,17 June 2012,Beta Thalassaemia Major,Beta Thal major,,alive,Kurunegala,,,Sinhala,Wariyapola,Kurunegala,"K.G. Damayanthi Weerasinghe, Herathgama, Aulegama",,
973,Sithum,Sathsara Sissanayake,Male,11 November 2011,E Beta Thalassemia,E Beta Thalassaemia,,alive,Kurunegala,,,Sinhala,Palagala,Anuradhapura,"D.M. Sugath Dissanayaka, Ambagaswewa, Maneruwa, Negampaha",,
974,J.P,Anlula Chathundi,Female,09 August 2013,Beta Thalassaemia Major,β Thal major,,alive,Kurunegala,,,Sinhala,Mallawapitiya,Kurunegala,"Renuka Dilrukshi Dissanayake, Induranpitiya, Wellawa",,
975,K.M.Yeshitha Ushan,Karunanayaka,Male,26 May 2013,Beta Thalassaemia Major,Beta Thal major,AB pos,alive,Kurunegala,,,Sinhala,Panduwasnuwara - East,Kurunegala,"K.M.H.C. Karunanayaka, Godawitigedara, Bandarakoswaththa",,
976,M.H,Zaynab,Male,10 June 2013,Beta Thalassaemia Major,β Thal major,,Underwent BMT,,,,Muslim,Mawathagama,Kurunegala,"Hidaya Thulla, No. 19/5, Masdir Mawatha, Ilukewela, Weuda",,
977,C.J.M.S.,Shakya Chandrasekara,Female,17 May 2012,Beta Thalassaemia Major,β Thal major,,alive,Kurunegala,,,Sinhala,Rasnayakapura,Kurunegala,"T.M. Manjula Niroshani, No.333/3, Puttlam Road, Kotawehera, Nikaweratiya",,
978,P.M.C.Dinuka,Lakmal,Male,08 September 2011,Sickle cell Disease ,HB S/Beta thalassemia,,alive,Kurunegala,,,Sinhala,Kuliyapitiya - East,Kurunegala,"M.H.A.N.D.Hettiarachchi, Siri Sewana, Yakarawaththa, Kithalawa",,
979,J.S.M.Sarada Manohari,Jayasingha,Female,03 July 1991,Beta Thalassaemia Major,Beta Thal major,O pos,,Anuradhapura,,,Sinhala,Medawachchiya,Anuradhapura,"U.B. Jayasinghe, Kuda Halmillawa, Puneewa, Medawachchiya",,
980,R.M.Sudheera,Lakshan Ranabahu,Male,19 August 2008,Sickle cell Disease ,HB S/Beta thalassemia,O pos,alive,Kurunegala,,,Sinhala,Polpithigama,Kurunegala,"R.M.Sampath Hemakumara, Dagama, Maeliya",,
981,J.M.S.Vihansi,Jayasundara,female,03 May 2013,Beta Thalassaemia Major,Beta Thal major,,,,,,Sinhala,Ganewaththa,Kurunegala,"J.M.K.C.Jayasundara, Kanawa, Mahamukalanyaya",,
982,K.B.P.D.,Gunarathne,male,23 June 1990,E Beta Thalassemia,E Beta Thalassemia,A pos,alive,Kurunegala,,,Sinhala,Ibbagamuwa,Kurunegala,"Ganemulla, Kiridigalla, Ibbagamuwa",,
983,W.G,Ranmenike,female,27 September 1939,Thalassaemia Intermedia,Beta Thalassaemia Intermedia,,alive,Kurunegala,,,Sinhala,Mathale,Mathale,"No.20, Dolawaththa, Mathale",,
984,S.P.N.Navodya,Samaranayaka,Female,28 August 2013,Beta Thalassaemia Major,Beta Thal major,O pos,alive,Kurunegala,,,Sinhala,Kuliyapitiya - East,Kurunegala,"E.P. Shamali Prasadika Weerasinghe,Kotadeniyawa Janapadaya, Bogamulla, Narammala",,
985,K.P.,Mangalika,Female,30 April 1976,Thalassaemia Intermedia,Beta Thalassaemia Trait,B pos,alive,Kurunegala,,,Sinhala,Alawwa,Kurunegala,"Kanameeala, Keppitialana, Alawwa",,
986,S.Asitha,Lakmal,Male,21 October 2009,Beta Thalassaemia Major,Beta Thal major,O pos,alive,Kurunegala,,,Sinhala,Rideegama,Kurunegala,"G.Swarna Gunapala, T. Medawachchiya, Bakmeegama",,
987,T.B,Vihani Vimathka,Female,01 August 2013,E Beta Thalassemia,Hb E Beta Thalassaemia,,alive,Kurunegala,,,Sinhala,Palagala,Anuradhapura,"T.B.S.C. Sampath, Anakatawa, Dambuluhalmillewa, Kekirawa",,
988,Malsha,Divyangalee,female,27 September 2013,Beta Thalassaemia Major,β Thal major,A pos,alive,Kurunegala,,,Sinhala,Pallekele,Mathale,"No.76/A,Akurambada,Mathale",,
989,Fathima,Reema,female,20 November 2013,Beta Thalassaemia Major,β Thal major,O pos,alive,Kurunegala,,,Muslim,Kalpitiya,Puttlam,"Mohomed Sahil, No. 646,Safamaruwa,Palavi, Karamba",,
990,H.M.S.,D Jayathilaka,Female,07 November 2013,Beta Thalassaemia Major,β Thal major,O pos,alive,Kurunegala,,,Sinhala,Galnewa,Anuradhapura,"H.M.S. Jayathlaka,No.149,Hiripitiyawa, Galnewa",,
991,W.M.H .Dewmini,Weerasinghe,female,05 November 2012,Beta Thalassaemia Major,Beta Thal major,B pos,,,,,Sinhala,Monaragala,Monaragala,"W.M. Dayananda Weerasinhe,No17, Mukunugahakiula, Batugammana, Monaragala",,
992,Prabodya,Dewmini,female,28 March 2013,Beta Thalassaemia Major,β Thal major,B pos,alive,Kurunegala,,,Sinhala,Laggala,Mathale,"W.G. Kumarasinhe,No.13, 2 Gammanaya, Thorapitiya, Dewaladeniya",,
993,B.M,Thisuri Amaya,Female,08 January 2014,Beta Thalassaemia Major,β Thal major,O pos,alive,Kurunegala,,,Sinhala,Polpithigama,Kurunegala,"B.M. Samantha Pushpakumara, Tennakoongama, Moragollagama",,
994,J.A.Aseka,Okithma Jayasinghe,Female,14 December 2013,Beta Thalassaemia Major,β Thal major,B pos,alive,Kurunegala,,,Sinhala,Padawiya,Anuradhapura,"J.A.R.S.K. Jayasinhe, 13/38A, Ambepura, Padawisripura",,
995,R.M.K.,Prabhashwara,male,12 February 2013,E Beta Thalassemia,E Beta Thalassemia,,Alive,Kurunegala,,,Sinhala,Ahetuwewa,Kurunegala,"R.M.C.R. Kahadawala, Aththanapola, Ahetuwewa",,
996,S.G.B.Dewmi,Bandara,Female,28 December 2013,Beta Thalassaemia Major,Beta Thal major,A pos,,Anuradhapura,,,Sinhala,Rambawewa,Anuradhapura,"T.B. Senarath Gamini, No.155, Mahakanadarawa, Dakunu Iwura, Yaya - 2, Rambawewa",,
997,S.Dewni,Wickramarachchi,Female,23 July 2010,Sickle cell Disease ,HB S/Beta thalassemia,,,,,,Sinhala,Galigamuwa,Kegalle,"W.A.S.R. Bandara, Banmaduthenna,Pallewela, Helamada",,
998,D.M,Leelawathi,Female,21/02/1951,Thalassaemia Intermedia,Beta Thalassaemia Trait,,Dead,Kurunegala,15/12/2024,,Sinhala,Ibbagamuwa,Kurunegala,"Nekeththa, Mawikotuwa, Hiriyala, Lenawa",,
999,U.D,Nethushi Tharaka,Female,15 December 2012,Beta Thalassaemia Major,β Thal major,O pos,,Polonnaruwa,,,Sinhala,Dehiaththakandiya,Ampara,"R.M. Inoka Rathnayaka, No.68, Namalgama, Siripura",,
1000,T.M Nulindi,Yahansha,Female,27/11/2013,Beta Thalassaemia Major,Beta Thal major,O pos,alive,Kurunegala,,,Sinhala,Ganewaththa,Kurunegala,"W.M. Wajira Indumathi, Arambe Niwasa, Kanawa, Mahamukalanyaya",,
1001,K.D.F.Risfa,,Female,20 March 2014,Beta Thalassaemia Major,β Thal major,A pos,alive,Kurunegala,,,Muslim,Giribawa,Kurunegala,"M.M. Siththi Rameesha, Walpaluwa, Thambuththa, Galgamuwa",,
1002,H.P,Hashan Pramod Kumara,Male,20 October 2013,Beta Thalassaemia Major,β Thal major,A pos,alive,Kurunegala,,,Sinhala,Mallawapitiya,Kurunegala,"W.D. Ayesha Kumudu Kumari, Bodigama, Boyagane, Malpitiya",,
1003,H.D Sayuri Nimsara,Hathurusingha,Female,22 March 2010,E Beta Thalassemia,E/β Thalasseamia,,,Polonnaruwa,,,Sinhala,Manampitiya,Polonnaruwa,"No.32, Diuldamana,Polonnaruwa",,
1004,T.M,Ameesha Induwari,Female,01 January 2014,Beta Thalassaemia Major,β Thal major,B pos,alive,Kurunegala,,,Sinhala,Nikaweratiya,Kurunegala,"T.M. Ranjith Kumara, Ihalawewa Road, Hewanpelassa, Nikaweratiya",,
1005,R.P.Dehemi,Savidya Rupusingha,Female,07 April 2014,Beta Thalassaemia Major,β Thal major,AB pos,alive,Kurunegala,,,Sinhala,Anamanduwa,Puttlam,"R.P. Sunil Chandana Rupasinghe, Periyakulama, Aluthwewa, Anamnduwa",,
1006,Saheli,Aradya Senevirathne,Male,24 August 2017,Beta Thalassaemia Major,β Thal major,O Positive,,,,,Muslim,Mallawapitiya,Kurunegala,"No. 141, Sirikulam Waththa, Mallawapitiya, Kurunegala",,
1007,D.M.Ridma,Geethanjana,Male,31/01/2014,Beta Thalassaemia Major,Beta Thal major,B pos,,Anuradhapura,,,Sinhala,Palagala,Anuradhapura,"J.M.S.S.Ekanayake, Ipulwehera, Maneruwa, Negampaha",,
1008,K.M.Sathsarani Divyanjali,Pussella,Female,21/04/2014,E Beta Thalassemia,E Beta Thalassemia,O pos,alive,Kurunegala,,,Sinhala,Rideegama,Kurunegala,"H.M. Indra Kumari, No.90, Pussella, Puswelithenna",,
1009,A.R.M.D.,Apsara Dasanayake,Female,04 June 2013,E Beta Thalassemia,E/β Thalasseamia,,alive,Kurunegala,,,Sinhala,Maho,Kurunegala,"E.M.Thanuja Ekanayake, No.77, Pailigama, Maho",,
1010,H.M. Maheshika Vipulani,Herath,Female,11 September 1992,Sickle cell Disease ,Sickle Beta Thalassaemia,B Positive,alive,Kurunegala,,,Sinhala,Polpithigama,Kurunegala,"Maha Rambawewa, Polpithigama",,
1011,A.M,Sahush,Male,28 June 1986,E Beta Thalassemia,E Beta Thalassemia,B pos,alive,Kurunegala,,,Muslim,Thamankaduwa,Polonnaruwa,"No.36, Muslim Kolaniya, Kadueuwela",,
1012,Fathima,Izra,Female,30 May 1990,Beta Thalassaemia Major,β Thal major,O pos,alive,Kurunegala,,,Muslim,Mallawapitiya,Kurunegala,No,,
1013,Rashini,Methsara,Female,22 May 2014,Beta Thalassaemia Major,Beta Thalassaemia,,,,,,Sinhala,Galnewa,Anuradhapura,"D. Jayantha Sanath Kumara, No.144, Lolugaswewa, Bulnewa, Galnewa",,
1014,Amaya Dewmini,Samaranayake,Female,20 April 2014,Beta Thalassaemia Major,β Thal major,B pos,alive,Kurunegala,,,Sinhala,Rideegama,Kurunegala,"K.A.Anthani Samaranayaka, Udakahena, Keselwaththa",,
1015,R.M.Nonithmi Nethusha,Amali Rathnayaka,Female,10 July 2014,Beta Thalassaemia Major,Beta Thal major,O pos,alive,Kurunegala,,,Sinhala,Mawathagama,Kurunegala,"R.M.M.S.S.Herath, Thorakanuwa, Mawathagama",,
1016,D.M.Binguri Yasmi,Dissanayaka,Female,28 January 2014,Beta Thalassaemia Major,Beta Thal major,A pos,Underwent BMT,,,,Sinhala,Bamunakottuwa,Kurunegala,"D.M.Anushka Shayamali, School Mawatha, Kelimune, Mahakeliya",,
1017,M.P.D.shashini,Navodya,Female,21 June 2014,Beta Thalassaemia Major,β Thal major,,alive,Kurunegala,,,Sinhala,Polpithigama,Kurunegala,"M.P.D.Hemasiri Wickramasinghe, Weeragolla, Maeliya",,
1018,R.P.D,Ridmi Nethsara,Female,01 September 2014,Thalassaemia Intermedia,Heterozygous Beta Thalassaemia,O pos,alive,Kurunegala,,,Sinhala,Kuliyapitiya - East,Kurunegala,"R.P.D.Dinesh Mandusanka, Anukkane, Moragane, Horombawa",,
1019,R.A.Navod,Sathsara,Male,28 October 2013,Beta Thalassaemia Major,Beta Thal major,O pos,alive,Kurunegala,,,Sinhala,Kobeiygane,Kurunegala,"D.M. Nimali Sandalatha, Aswedduma, Boraluwewa",,
1020,W.P,Hiruni Dilrukshika Kumari,Female,15 August 2014,E Beta Thalassemia,E/β Thalasseamia,,alive,Kurunegala,,,Sinhala,Maspotha,Kurunegala,"W.P. Ajith Perera,No.27/1, Manelwaththa Road, Pahalamaragamuwa, Maspotha",,
1021,H.M.,Navanjana,Male,01 August 2013,Beta Thalassaemia Major,β Thal major,A pos,alive,Kurunegala,,,Sinhala,Ambanpola,Kurunegala,"H.M. Chandana kumara, No.78/01, Pahala Bakmiwewa, ambanpola",,
1022,A.J.Athish,Ahamad,Male,31 July 2002,Other,Other,,alive,Kurunegala,,,Muslim,Panduwasnuwara - West,Kurunegala,"M.S. Jumana Sarif, AshnaMandil, Wewa Road,Hettipola",,
1023,H.A.Janith Dewmina,Subasinghe,Male,08 November 2013,E Beta Thalassemia,E/β Thalassaemia,,alive,Kurunegala,,,Sinhala,Meerigama,Gampaha,"H.A.Ranjith Subasinghe, No.4/1, Parawaththa, Nalla, Diuldeniya",,
1024,B.Thisara Geeshan,Nayanajith,Male,07 August 2014,Beta Thalassaemia Major,β Thal major,O pos,alive,Kurunegala,,,Sinhala,Kurunegala,Kurunegala,"B.Ranjith Pramarathna, Kudumbuwa, Kohilegedara",,
1025,kadigamuwe Nandasara himi,,Male,23 December 2013,Beta Thalassaemia Major,β Thal major,AB neg,alive,Kurunegala,,,Sinhala,Mawathagama,Kurunegala,"H.M. Dissanayaka, No.96/A, Delgolla Waththa, Welikumbura, Mawathagama",,
1026,W.Anjana Navanga,Warapitrta,Male,05 December 2014,Beta Thalassaemia Major,β Thalassaemia major,O pos,alive,Kurunegala,,,Sinhala,Alawwa,Kurunegala,"Sudath Warapitiya, No.757/2,Narammala Road,Dunnakotuwa, Alawwa",,
1027,P. Nethsarani,Kaushalya,Female,01 September 2014,E Beta Thalassemia,E/β Thalasseamia,O pos,alive,Kurunegala,,,Sinhala,Kobeiygane,Kurunegala,"A.H.M. Priyadarshani Kumari, Mawathagama, Hengamuwa",,
1028,I.M.Chamathka Dananjaya Sampath,Kularathna,Male,21 June 2014,Beta Thalassaemia Major,Beta Thal major,O pos,alive,Kurunegala,,,Sinhala,Rideegama,Kurunegala,"I.M.G.S. Kularathna, Wegama, Gokarella",,
1029,K.D.Sithmi Nethaya,Dissanayaka,Female,06 October 2013,E Beta Thalassemia,E Beta Thalassemia,,alive,Kurunegala,,,Sinhala,Mallawapitiya,Kurunegala,"T.M.Dewika Nalani, No.271/1, Nidahasgama, Wellawa",,
1030,M.S,Yaheeha,Female,07 July 2014,Beta Thalassaemia Major,Beta Thal major,AB pos,Underwent BMT,,,,Muslim,Mallawapitiya,Kurunegala,"M.Z.M.Siyaz, No.464,Dogahapitiya, Mallawapitiya",,
1031,P.L.Dahamsa Ransadi,Rajaguru,Female,26 February 2015,Beta Thalassaemia Major,β Thal major,,alive,Kurunegala,,,Sinhala,Weerambugedara,Kurunegala,"P.L. Aruna Nishantha Rajaguru, Metikotuwa, Yanthampola, Uhumeeya",,
1032,D.C,Sandeep,Male,22 June 2012,Beta Thalassaemia Major,β Thal major,A pos,alive,Kurunegala,,,Sinhala,Kabathigollewa,Anuradhapura,"D.C.Pushpa Kumara, Gonahathdenawa,Kabathigollewa",,
1033,I.M.Malish,Lakshan,Male,27 January 2002,Sickle cell Disease ,HB S/Beta thalassemia,,alive,Kurunegala,,,Sinhala,Panduwasnuwara - West,Kurunegala,"K.G. Anulawathi, Ihala Gomuwa, Homugomuwa",,
1034,Pavani,Denethma Gayashani,Female,05 June 2013,E Beta Thalassemia,E Beta Thalassaemia,O pos,alive,Kurunegala,,,Sinhala,Dambulla,Mathale,"P.Dilanthi Lakjana Pemasiri, Pallegama janpadaya, Dambulla",,
1035,D.M. Lakshmi,Kulathunga,Female,26 January 1974,E Beta Thalassemia,E β Thalassaemic,,alive,Kurunegala,,,Sinhala,Galewela,Mathale,"D.M. Lakshmi Kulathunga, Debawa, Madipola",,
1036,S.A.H.Dinujana,Abeysingha,Male,10 May 2011,Beta Thalassaemia Major,Beta Thal major,O pos,,,,,Sinhala,Narammala,Kurunegala,"S.A.C.S.Abeysinghe, Karambe, Meewewa, Kalugamuwa",,
1037,R.M,Wathmi Dinethme Jayarathna,Female,25 March 2015,Beta Thalassaemia Major,Beta Thalassaemia Major,B pos,alive,Kurunegala,,,Sinhala,Ibbagamuwa,Kurunegala,"R.M.S.N. Jayarathna,Pasala Asala, Hangamuwa, Ibbagamuwa",,
1038,Mohomed Hamdi,,Female,11 June 2012,E Beta Thalassemia,E β Thalassaemia,B pos,alive,Kurunegala,,,Muslim,Galnewa,Anuradhapura,"A.M. Jawadu, Werunkulama, Negama, Negampaha",,
1039,Akeef,Ahamed,Male,12 March 2015,E Beta Thalassemia,E β Thalassaemic,O Positive,alive,Kurunegala,,,Muslim,Galgamuwa,Kurunegala,"No.266,Jagama,Galagamuwa",,
1040,B.C.Omaya Erandi,Rathnasiri,Female,14 June 2015,Beta Thalassaemia Major,Beta Thal major,A neg,alive,Kurunegala,,,Sinhala,Anamanduwa,Puttlam,"B.C.Lalith Indikarathna,90/7,Aluthpara,Mahauswewa,Anamnduwa",,
1041,R.D. Menuja Sasmitha,Gunawardana,Male,08 June 2015,Beta Thalassaemia Major,Beta Thalassaemia Major,B pos,alive,Kurunegala,,,Sinhala,Ganewaththa,Kurunegala,"Arankele, Kubukwewa",,
1042,S.,Risha,Female,11 May 2015,Beta Thalassaemia Major,Beta Thalassaemia Major,A pos,alive,Kurunegala,,,Muslim,Nikaweratiya,Kurunegala,"M.M. Siddik, 85/5, Dewalawaththa, Nikaweratiya",,
1043,E.M Semin Thewjan,Ekanayaka,Male,13 April 2015,Beta Thalassaemia Major,Beta Thalassaemia Major,A pos,Dead,Kurunegala,10/2/2017,Meningitis,Sinhala,Mawathagama,Kurunegala,"E.M.N.S.K. Saman Ekanayake,Pallegama, Inguruwaththa, Mawathagama",,
1044,J.M.Senal Gimhana Bandara,Jayalath,Male,18 June 2015,Beta Thalassaemia Major,Beta Thal major,O neg,alive,Kurunegala,,,Sinhala,Mawathagama,Kurunegala,"H.M. Ashoka Kumari Herath, Gonagala, Iguruwaththa, Mawathgama",,
1045,D.M.Maleesha  Nethsara,Dissanayaka,Male,29 April 2015,Beta Thalassaemia Major,β Thal major,O pos,alive,Kurunegala,,,Sinhala,Wariyapola,Kurunegala,"R.M. Sajeewani Rathnamali, Muwanwelle Gedara, Aulegama",,
1046,G.L.H Kavindi,Gunathilaka,Female,29 June 2010,E Beta Thalassemia,E β Thal,O pos,alive,Kurunegala,,,Sinhala,Wariyapola,Kurunegala,"R.M. Sujeewa Rathnayaka, Dunupath Anga, Wellagala, Wariyapola",,
1047,R.P.Sadisi Methsara,Dissanayake,Female,25 March 2013,E Beta Thalassemia,E β Thalassaemia,A pos,alive,Kurunegala,,,Sinhala,Polpithigama,Kurunegala,"K.G. Rasika Priyadarshani, Agare, Makulpotha",,
1048,S.Nethil Rivinuka,De Silva,Male,20 August 2015,E Beta Thalassemia,E Beta Thalassemia,B pos,alive,Kurunegala,,,Sinhala,Panduwasnuwara - East,Kurunegala,"R.D. Chathurika Jeewani Thilagarathna, Dangahawela, Kirimetiyawa",,
1049,G.G.Rashmi Keshali,Kumarage,Female,23/07/2015,Beta Thalassaemia Major,Beta Thal major,B pos,,Polonnaruwa,,,Sinhala,Polpithigama,Kurunegala,"S.D. Senarathna, No.06, Walasgala Road, Hiriyala, Ambagaswewa",,
1050,D.M.Nimal,Karunarathna,Male,20 November 1970,E Beta Thalassemia,E Beta Thalassemia,B pos,alive,Kurunegala,,,Sinhala,Polpithigama,Kurunegala,"D.M. Nimal Karunarathna, Gallenada Waththa Kade Bare, Dekaduwela, Maeliya",,
1051,W.M.D.P.,Pramigalla,Male,27 June 1997,E Beta Thalassemia,E Beta Thalassemia,,alive,Kurunegala,,,Sinhala,Nikaweratiya,Kurunegala,"W.M. Wanninayaka, Dewata road, Hulugalla, Nikaweratiya",,
1052,Hara,,Female,27 December 2014,E Beta Thalassemia,E Beta Thalassemia,,alive,Kurunegala,,,Muslim,Naththandiya,Puttlam,"M.S.M. Suheyar, 238/1, Chilaw Road, Naththandiya",,
1053,A.P.Amodya,Pathirana,Female,06 December 2015,Beta Thalassaemia Major,β Thal major,O pos,alive,Kurunegala,,,Sinhala,Ibbagamuwa,Kurunegala,"A.P. Anjula Udaya Kumara Pathirana, Diggala Waththa, Diddeniya,Melsiripura",,
1054,L.D.T.Vihansa,Jayalath,Male,09 December 2015,Beta Thalassaemia Major,Beta Thal major,,alive,Kurunegala,,,Sinhala,Ambanpola,Kurunegala,"L.P. Sanjeewa Kumara Jayalath, Waduressa, Daladagama, Maho",,
1055,H.M.Sithuni Ahanya,Herath,Female,08 November 2015,Beta Thalassaemia Major,Beta Thal major,O pos,alive,Kurunegala,,,Sinhala,Maho,Kurunegala,No,,
1056,H.B.Tharashi Imalka,Herath,Female,18 October 2007,Sickle cell Disease ,S Beta Thalassaemia,,alive,Kurunegala,,,Sinhala,Maho,Kurunegala,"H.B. Chandana Kumara Herath, No. 290/1, Pidivilla, Katambe, Maho",,
1057,M.W.G,Kenuja Sehas,Male,11 February 2016,Beta Thalassaemia Major,Beta Thalassaemia Major,O pos,alive,Kurunegala,,,Sinhala,Kegalle,Kegalle,"M.W.G. Manjula Thilakasiri, Kolongolla, Hiriwadunna, Kegalle",,
1058,M.H.Saliha,,Female,10 September 2013,Thalassaemia Intermedia,Thal Intermedia,A neg,alive,Kurunegala,,,Muslim,Mawathagama,Kurunegala,"M.A.M. Husri, No. 157/A, Paragahadeniya",,
1059,A.H.M.Ashen,Malaka,Male,19 December 2015,E Beta Thalassemia,E Beta Thalassemia,O pos,,Chilaw,,,Sinhala,Anamanduwa,Puttlam,"A.H.M. Geethani Mangalika, Uriyawa, Anamanduwa",,
1060,I.M.Kamalawathi,,Female,16 December 1962,Other,Other,O neg,alive,Kurunegala,,,Sinhala,Maho,Kurunegala,"I.M. Anulawathi, 'Waji Sewana', Tammitagama, Maho",,
1061,E.M.M.D Ekanayaka,,Male,06 October 1984,E Beta Thalassemia,E Beta Thalassemia,O pos,alive,Kurunegala,,,Sinhala,Galenbidunuwewa,Anuradhapura,"Hurulu Stores, Kadikaramanduwa",,
1062,R.M Dilitha,Hirushan Dissanayake,Male,06 May 2016,Beta Thalassaemia Major,β Thal major,A pos,alive,Kurunegala,,,Sinhala,Galgamuwa,Kurunegala,"R.M. Ariya Wimal Dissanayake, Wannikudawewa Road, Mahananneriya, Galgamuwa",,
1063,H.D.Sachini Nethsara,Amarajeewa,Female,16 July 2014,Beta Thalassaemia Major,β Thal major,O pos,alive,Kurunegala,,,Sinhala,Weerambugedara,Kurunegala,"D.G. Chandrika Nishanthi, Siyambalawehera, Kalugamuwa",,
1064,B.M.R,Wanninayaka,Male,03 April 1979,Thalassaemia Intermedia,Possible Hb constant spring trait,O pos,alive,Kurunegala,,,Sinhala,Kotawehera,Kurunegala,"B.M.R. Wanninayake, Gallagoda, Monnekulama, Nikaweratiya",,
1065,Y.H.D Dewinda,Sathsara,Male,19 November 2015,Thalassaemia Intermedia,β Thal Intermediate,,alive,Kurunegala,,,Sinhala,Ibbagamuwa,Kurunegala,"A.H. Ishani Rathnayake, No.114, Unit - 03, Kimbulvanaoya",,
1066,E.M.Nidew,Nethsara,Male,25 March 2015,E Beta Thalassemia,E Beta Thalassemia,B pos,alive,Kurunegala,,,Sinhala,Palagala,Anuradhapura,"W.M.P.H. Wijesundara, No.43, Aluth Galkiriyagama, Galkiriyagama",,
1067,J.K.G.N.Sathsarani,,Female,09 September 2011,E Beta Thalassemia,E Beta Thalassemia,,alive,Kurunegala,,,Sinhala,Galewela,Mathale,"J.K.G. Indika Prabath, No.595/1, Nawa Padeniya, Dambulla",,
1068,R.H.M.Sithum,Chamalka,Male,05 July 2007,E Beta Thalassemia,E Beta Thalassemia,,alive,Kurunegala,,,Sinhala,Galgamuwa,Kurunegala,"R.H.M. Piyadasa Rajakaruna, Wanni Amunakole, Mahananneriya",,
1069,C.A.H.M.Mavindu Sathsara,Vimalaweera,Male,28 November 2014,Beta Thalassaemia Major,Beta Thal major,B pos,alive,Kurunegala,,,Sinhala,Giribawa,Kurunegala,"Wannikudawewa, Horowewa Road, Galgamuwa",,
1070,H.M Oshadi,Sanjana Kumarasingha,Female,26 June 2016,Beta Thalassaemia Major,Beta Thal major,A pos,alive,Kurunegala,,,Sinhala,Polonnaruwa,Polonnaruwa,"S.W. Kanchana Dilrukshi, 319, Allewewa, Polonnaruwa",,
1071,R.M.N.N Priyadarshana,,Male,10 April 2016,Beta Thalassaemia Major,β Thal major,A pos,alive,Kurunegala,,,Sinhala,Galewela,Mathale,"I.A.G.Ramya Priyadarshani, Ratamiris Waththa, Beliyakanda, Galewela",,
1072,W.M.Wijesena,,Male,29 July 1959,E Beta Thalassemia,E Beta Thalassemia,O pos,alive,Kurunegala,,,Sinhala,Ahetuwewa,Kurunegala,"P.B. Chandrakanthi, Mudiyannegama, Kudakathnoruwa, Meegalewa",,
1073,S.A.M Sineth,Hasanga,Male,25 August 2016,Beta Thalassaemia Major,Beta Thal major,,Dead,Kurunegala,1/8/2019,BMT,Sinhala,Kotawehera,Kurunegala,,,
1074,M.Y.Raihana,,Female,10 May 1980,Other,Other,B pos,,Anuradhapura,,,Muslim,Kekirawa,Anuradhapura,"Kollankuttigama, Maradankadawala",,
1075,M.R.Raiyyan,,Male,20 September 2016,Beta Thalassaemia Major,Beta Thal major,O pos,alive,Kurunegala,,,Muslim,Rideegama,Kurunegala,"M.R. Rinusha, Thalgaspitiya, Paliella, Ambokote",,
1076,P.H.Priyantha,Dharmasena,Male,25 May 1980,E Beta Thalassemia,E Beta Thalassemia,A pos,alive,Kurunegala,,,Sinhala,Rasnayakapura,Kurunegala,"No. 397, Pahal Heelogama, Heelogama",,
1077,R.P.D.Amashi Dhilara,Samarasiri,Female,10 March 2011,E Beta Thalassemia,E Beta Thalassemia,B pos,alive,Kurunegala,,,Sinhala,Nawagaththegama,Puttlam,"R.P.D. Stanli Samarasiri, No. 55, H - 1A, Inginimitiya",,
1078,K.A.Nethuli Sithumini,Jayasiri,Female,06 April 2016,Beta Thalassaemia Major,Beta Thal major,A pos,alive,Kurunegala,,,Sinhala,Diulapitiya,Gampaha,"K.A.G. Jayasiri, Udagammana, Athgalawaththa, Walpita",,
1079,W.A.Asilin,Malani,Female,23 June 1949,Thalassaemia Intermedia,Beta Thalassemia Trait,A pos,alive,Kurunegala,,,Sinhala,Pannala,Kurunegala,"D.R. Praneetha Dissanayaka, Galapitagala Waththa, Ku - Bopitiya",,
1080,S.M.Fahnas,,Male,25 September 2016,Beta Thalassaemia Major,Beta Thal major,O pos,Underwent BMT,,,,Muslim,Rasnayakapura,Kurunegala,"J. Pasmila, Nambuwawa, Heelogama, Nikaweratiya",,
1081,T.S.Semira Thilakshi,Hansamali,Female,30 November 2016,Beta Thalassaemia Major,Beta Thal major,B pos,alive,Kurunegala,,,Sinhala,Kuliyapitiya - East,Kurunegala,"P. Sumana Wijesiri, Manawa, Kirimetiyawa",,
1082,R.M.Shamika Sihilal,Rathnayaka,Male,06 September 2016,Beta Thalassaemia Major,Beta Thal major,,alive,Kurunegala,,,Sinhala,Ahetuwewa,Kurunegala,"R.M. Sanjeewa Nalaka Rathnayaka, Kadadunnewa, Kudakathnoruwa, Meegaleewa",,
1083,A.P.S.Sakya,Pokunegedara,Female,23 December 2016,Beta Thalassaemia Major,Beta Thal major,B pos,alive,Kurunegala,,,Sinhala,Kurunegala,Kurunegala,"B.G. Renuka Ranasinghe, Kandewaththa, Ihala Seeradunna, Thalvita",,
1084,R.G.N.Daham,Nethsara,Male,28 March 2016,Thalassaemia Intermedia,Thal Intermedia,O pos,alive,Kurunegala,,,Sinhala,Galewela,Mathale,"R.M. Wasanthi Kumari Yhilakarathna, 400/3, Meegahyaya, Dewahuwwa",,
1085,H.P.D.Thanuli,Nimsara,Female,10 September 2016,E Beta Thalassemia,E Beta Thalassemia,A pos,alive,Kurunegala,,,Sinhala,Kuliyapitiya - East,Kurunegala,"Girakethikumbura,Pahala Diyadora",,
1086,P.B,Nuwan Salinda Herath,Male,20 November 1984,E Beta Thalassemia,Hb E Thalassaemia,A pos,alive,Kurunegala,,,Sinhala,Giribawa,Kurunegala,"Wannikudawewa, Horowwewa, Galgamuwa",,
1087,T. G,Jayathilaka Banda,Male,02 June 1974,E Beta Thalassemia,E Beta Thalassaemia,,alive,Kurunegala,,,Sinhala,Dambulla,Mathale,"No. 115, Digampathaha, Galkanda, Kimbissa,",,
1088,K.Oshitha Sathsindu,Wikramasingha,Male,26 March 2017,Beta Thalassaemia Major,β Thal major,O pos,alive,Kurunegala,,,Sinhala,Ruwanwella,Kegalle,"Dinesh Wipula Wickramasinghe, D11, Ihalagama Road, Pahaladannoruwa, Ruwanwella",,
1089,Fathima,Hikma,Female,15 January 2017,Beta Thalassaemia Major,Beta Thal major,B pos,alive,Kurunegala,,,Muslim,Mawathagama,Kurunegala,"M. Rizwan No.105/1,Heenkanda,Kandy road,Parawadeniya,Wauda.",,
1090,D.M,Tharuni Sidangana,Female,23 September 2016,Thalassaemia Intermedia,Beta Thalassaemia Intermedia,A pos,alive,Kurunegala,,,Sinhala,Palagala,Anuradhapura,"D.M. Sarath Kumara Dissanayaka, Ambagaswewa, Maneruwa, Negampaha",,
1091,B.M.Gayan,Balasooriya,Male,13 March 1991,Sickle cell Disease ,HB S/Beta thalassemia,,alive,Kurunegala,,,Sinhala,Kobeiygane,Kurunegala,"Waththegedara, Withikuliya",,
1092,B.M,Janith Shehara,Male,03 November 2006,E Beta Thalassemia,E Beta Thalassaemia,,alive,Kurunegala,,,Sinhala,Naththandiya,Puttlam,"B.M. Rohana Srilal, Kudabingiriya, Panirendawa",,
1093,S.M.P Shehara,Senadipathi,Female,23 September 2015,Beta Thalassaemia Major,β Thal major,O neg,alive,Kurunegala,,,Sinhala,Nawagaththegama,Puttlam,"Thammennawetiya, Nawagaththegama",,
1094,D.M.,Manura Nimsara Dahanaka,Male,26 September 2007,E Beta Thalassemia,E Beta Thalassaemia,A pos,alive,Kurunegala,,,Sinhala,Ibbagamuwa,Kurunegala,"R.M. Nayana Lalani Kumari, Karuwalagaswewa, Kubukwewa",,
1095,R.Binula Udmika,Wijayawikrama,Male,26 March 2012,E Beta Thalassemia,E Beta Thalassemia,,alive,Kurunegala,,,Sinhala,Mallawapitiya,Kurunegala,"R. Arunashantha Wijevickrama, Wijevila, Uyandana, Hindagolla",,
1096,B.G.Nethumi Senaya,Rajapaksha,Female,30 December 2015,Beta Thalassaemia Major,Beta Thal major,O pos,alive,Kurunegala,,,Sinhala,Ipalogama,Anuradhapura,"Champika Sandamali Wanigarathna, No.17,Palugaswewa Govipola, Kalawewa, Wijaithpura",,
1097,R.M.Kavindu Sandakelum,Ranabahu,Male,09 December 2014,Alpha Beta Thalassemia,Hb S Beta Thalassaemia,,alive,Kurunegala,,,Sinhala,Polpithigama,Kurunegala,"R.M. Samapath Hemakumara, No.136/3, Athaudagama, Maeliya",,
1098,S.W.Maneesha,Yasasmi,Female,26 June 2017,Beta Thalassaemia Major,β Thal major,A pos,alive,Kurunegala,,,Sinhala,Kurunegala,Kurunegala,"No.205/1, Porapola Road, Rangama, Wellawa",,
1099,J.M.Mirosh Vishwa,Jayawardana,Male,12 January 2016,E Beta Thalassemia,E Beta Thalassemia,B pos,alive,Kurunegala,,,Sinhala,Polpithigama,Kurunegala,"Kudawewa, Ihala, Polpthigama",,
1100,D.H.M,Piyadasa,Male,10 February 1960,E Beta Thalassemia,Hb E Beta Thalassaemia,O pos,alive,Kurunegala,,,Sinhala,Maho,Kurunegala,"No.22, Polpithigama, Koonwewa",,
1101,W.,Tharushi Shashipaba,Female,23 September 2017,Beta Thalassaemia Major,Beta Thalassaemia Major,AB pos,alive,Kurunegala,,,Sinhala,Kurunegala,Kurunegala,"M. Dinesha Mandhubashini Mthugala,No 108, Andagalawaththa, Wellawa Road, Muththettugala, Kurunegala",,
1102,H.A.Uneli Yuhansa,Hapuarachchi,Female,14 September 2017,Beta Thalassaemia Major,Beta Thal major,O pos,alive,Kurunegala,,,Sinhala,Kuliyapitiya - East,Kurunegala,"H.A.D.D. Shiromala, Yakkannnehera, Deekirikewa",,
1103,R.,Iffa Mariyam,Female,05 October 2017,Beta Thalassaemia Major,Beta Thalassaemia Major,O pos,alive,Kurunegala,,,Muslim,Rasnayakapura,Kurunegala,"Thambuwawa, Heelogama",,
1104,N.G.Netharu Imoksha,Sasmitha,Male,15 September 2017,Beta Thalassaemia Major,Beta Thal major,O pos,alive,Kurunegala,,,Sinhala,Pallethenna,Mathale,"M.G. Pramasiri, No.163, Narangolla, Raththota, Mathale",,
1105,H.A.K,Adeesh Nimsara,Male,03 December 2015,Thalassaemia Intermedia,Beta Thalassaemia Intermedia,A pos,alive,Kurunegala,,,Sinhala,Wariyapola,Kurunegala,"R.M. Iresha Rathnayaka, Moragollagama, Hettigedara, Kanththewewa",,
1106,S.A.Senavirathna,,Male,24 August 2017,Beta Thalassaemia Major,Beta Thal major,A pos,alive,Kurunegala,,,Sinhala,Mahavilachchiya,Anuradhapura,"Hirun Darshana Senavirathna, No.33, Dakunu Iura, Pemaduwa, Mahavilachchciya",,
1107,W.P,Naduni Nimsara,Female,20 December 2012,Thalassaemia Intermedia,Beta Thalassaemia Intermedia,O pos,alive,Kurunegala,,,Sinhala,Pannala,Kurunegala,"Elibichchiya, Elibichchiya, Pannala",,
1108,M.P.G.L.Lahiru,Priyankara,Male,18 May 2003,Thalassaemia Intermedia,Thal Intermedia,B pos,alive,Kurunegala,,,Sinhala,Galagedara,Kandy,"M.P.G. Robat Mendis, Kannadeniya, Kahapathwala",,
1109,P.Ayuni,Divyansa,Female,24 October 2017,Beta Thalassaemia Major,Beta Thal major,B pos,alive,Kurunegala,,,Sinhala,Galgamuwa,Kurunegala,"P. Janka Udaya Kumara, No.332, Paluadigama, Galgamuwa",,
1110,M.D.M.N.Binuli,Sehansa,Female,18 November 2017,Beta Thalassaemia Major,Beta Thalassaemia Major,O neg,alive,Kurunegala,,,Sinhala,Panduwasnuwara - West,Kurunegala,,,
1111,D.M.M.Kumari,Dissanayaka,Female,12 February 1995,E Beta Thalassemia,E Beta Thalassemia,,alive,Kurunegala,,,Sinhala,Ipalogama,Anuradhapura,,,
1112,D.M.Dihansa Yasith,Dissanayaka,Male,21 November 2017,Beta Thalassaemia Major,β Thal Major,O pos,alive,Kurunegala,,,Sinhala,Ahetuwewa,Kurunegala,"D.M. Chaminda Herath Dissanayake, Hiddewa, Ahetuwewa",,
1113,R.M Venura Nilesh Heshan,Rajapaksha,Male,18 November 2017,Beta Thalassaemia Major,Beta-thalassemia mejor,A pos,alive,Kurunegala,,,Sinhala,Polpithigama,Kurunegala,"R.M. Janaka Sampatha Rajapaksha, Baddegama, Ihalagama, Madahapola",,
1114,M. Janendri,Sathayangana,Female,04 February 2018,Beta Thalassaemia Major,Beta-thalassemia mejor,O pos,alive,Kurunegala,,,Sinhala,Negambo,Gampaha,"Salika Priyangani, 292/01, Doowa, Negambo",,
1115,W.D,Isali Sahansa Thathsarani,Female,01 February 2018,Beta Thalassaemia Major,Beta Thalassaemia Major,A pos,alive,Kurunegala,,,Sinhala,Kurunegala,Kurunegala,"W.M. Isuru Deshan Sameera, Jaya Mawatha, Rathgalla, Boyagane",,
1116,F.P.Matheesha Mandir,Wikramasingha,Male,01 December 2017,Beta Thalassaemia Major,β Thal major,B pos,alive,Kurunegala,,,Sinhala,Mawathagama,Kurunegala,"U.B.S.N. Weerasinghe, Wewagama, Hindagolla",,
1117,R.P.D.O. Gayanima,Rajapaksha,Female,10 January 2017,Thalassaemia Intermedia,β Thalassaemia intermedia,B pos,alive,Kurunegala,,,Sinhala,Kuliyapitiya - West,Kurunegala,"R.P.D. Ajantha Upul Kumara, Bogamulla, Bogamulla",,
1118,S.H.Laisa,,Female,05 March 1954,E Beta Thalassemia,E Beta Thal,B pos,alive,Kurunegala,,,Sinhala,Narammala,Kurunegala,,,
1119,A.M.C.Navanjana,,Female,17 April 2003,E Beta Thalassemia,E Beta Thal,,alive,Kurunegala,,,Sinhala,Nikaweratiya,Kurunegala,,,
1120,S.M.D.H.Senavirathna,,Male,02 May 2017,E Beta Thalassemia,E Beta Thalassemia,A pos,alive,Kurunegala,,,Sinhala,Kandy,Kandy,"H.M.r.B. Wanninayake, No.200/108, Peradeniya Road, Kandy",,
1121,D.M.Dileepa Sandaruwan,Bandara,Male,15 February 1997,E Beta Thalassemia,E Beta Thalassemia,B pos,alive,Kurunegala,,,Sinhala,Ipalogama,Anuradhapura,"Indra Kumari, Gonapathirawa, Ipalogama",,
1122,R.P,Sachintha Nethmina Ekanayaka,Male,04 March 2018,Beta Thalassaemia Major,Beta Thalassaemia Major,A pos,alive,Kurunegala,,,Sinhala,Nawagaththegama,Puttlam,"R.P.D. Nadeeka Subhashini, No.94, H1 A Gammanaya, Inginimitiya",,
1124,M.H.,Umair,Male,27 February 2018,Thalassaemia Intermedia,Thal Intermedia,O pos,Underwent BMT,,,,Muslim,Mawathagama,Kurunegala,"157A, Paragahadeniya, Weuda",,
1125,A.R.Lakshika Ushani,Wijesiri,Female,29 June 1999,E Beta Thalassemia,E Beta Thalassemia,O pos,alive,Kurunegala,,,Sinhala,Ibbagamuwa,Kurunegala,"Suneetha Weerasinghe, Dambulla Road, Gokarella",,
1126,S.Udeja,,Female,03 October 1959,Other,Other,,alive,Kurunegala,,,Sinhala,Kurunegala,Kurunegala,,,
1127,M.U.Umar,Kais,Male,21 June 2017,Thalassaemia Intermedia,β Thalassaemia Intermedia,O pos,alive,Kurunegala,,,Muslim,Panduwasnuwara - West,Kurunegala,,,
1128,E.M.R Yehara,Ekanayala,Female,29 July 2018,E Beta Thalassemia,HbE/β Thalassaemia,B pos,alive,Kurunegala,,,Sinhala,Palagala,Anuradhapura,,,
1129,W.M.,Mifra,Female,25 September 1998,Hb H Disease,Hb H Disease,,alive,Kurunegala,,,Muslim,Ibbagamuwa,Kurunegala,,,
1130,H.M.Kavindya Vindumini,Herath,Female,21 August 2009,E Beta Thalassemia,E Beta Thalassaemia,,alive,Kurunegala,,,Sinhala,Palagala,Anuradhapura,,,
1131,H.M Kavindi,Vidumini Herath,Female,21 August 2009,E Beta Thalassemia,E Beta Thalassemia,,alive,Kurunegala,,,Sinhala,Palagala,Anuradhapura,,,
1132,A.M.Reshan,Bandara,Male,31 January 2000,Delta Beta Beta Thalassemia,Delta Beta Thalassemia,,alive,Kurunegala,,,Sinhala,Wariyapola,Kurunegala,,,
1133,A.M.Raveesha,Bandara,Female,06 June 2005,Delta Beta Beta Thalassemia,Delta Beta Thalassemia,,alive,Kurunegala,,,Sinhala,Wariyapola,Kurunegala,,,
1134,K.A.A.Sasmi,Sanulya,Female,18 August 2016,E Beta Thalassemia,Hb E/β Thalassaemia,,alive,Kurunegala,,,Sinhala,Maspotha,Kurunegala,,,
1135,S.Chamith Visal,Sirisena,Male,08 December 2017,Beta Thalassaemia Major,β Thalassaemia major,B pos,alive,Kurunegala,,,Sinhala,Rambukkana,Kegalle,"S.P. Sirisena, Kebelambura, Hewadiwela",,
1136,M.H.M.Zaid,,Male,24 August 2013,Other,Other,,alive,Kurunegala,,,Muslim,Panduwasnuwara - West,Kurunegala,,,
1137,L.A.D,Himath Chamuditha Liyanaarachchi,Male,22 September 2011,E Beta Thalassemia,E Beta Thalassaemia,,alive,Kurunegala,,,Sinhala,Kurunegala,Kurunegala,"A. Nadeema Harshani Ariyarathna, No.01, Nildiyasewana, Negombo Road, Alakoladeniya",,
1138,M.M.Umesh Sandanayaka,Maanperuma,Male,25 March 2015,E Beta Thalassemia,E Beta Thalassemia,,alive,Kurunegala,,,Sinhala,Kotawehera,Kurunegala,"M.m. Chaminda Bandara, No.104/2, Mahamithawa, Monnekulama",,
1139,R.D,Binudi Nehansa,Female,06 November 2018,Beta Thalassaemia Major,Beta Thalassaemia Major,O Positive,alive,Kurunegala,,,Sinhala,Giribawa,Kurunegala,"Sajeewa Rathnasiri, No.816, Yaya 03, Damsopura,  Saliya Asokapura",,
1140,P.S Amaya,Nethsarani,Female,17 November 2018,Beta Thalassaemia Major,Beta-thalassemia mejor,O pos,alive,Kurunegala,,,Sinhala,Ganewaththa,Kurunegala,,,
1141,A.A.D.Sayum,Sehansa,Male,07 October 2017,Beta Thalassaemia Major,Beta Thal major,B pos,alive,Kurunegala,,,Sinhala,Polpithigama,Kurunegala,,,
1142,M.F.Mohommad,Usman,Male,28 April 2017,Thalassaemia Intermedia,Thal Intermedia,A pos,alive,Kurunegala,,,Muslim,Ibbagamuwa,Kurunegala,"Yakalla Road, Koslanda, Ibbagamuwa",,
1143,M.R.I.Leeha,,Female,18 January 2023,Beta Thalassaemia Major,Beta Thal major,O pos,alive,Kurunegala,,,Sinhala,Kobeiygane,Kurunegala,"J.M. Mallika kumari, Ihala Baladora, Thimbiripitiya, Kobeygane",,
1144,W.P.D.A.Sapumal,Premarathna,Male,12 August 2014,E Beta Thalassemia,E Beta Thalassemia,O pos,alive,Kurunegala,,,Sinhala,Nikaweratiya,Kurunegala,"W.P. Nimal Pramarathna, Ihalagama, Hulugalla, Nikaweratiya",,
1145,W.A.Premawathi,,Female,26 June 1960,Other,Other,B pos,alive,Kurunegala,,,Sinhala,Panduwasnuwara - West,Kurunegala,"Yaya Gedara, Bandarakoswaththa",,
1146,Shifana,Bhanu,Female,10 August 1992,Other,Other,A pos,,Trincomalee,,,Muslim,Kanthale,Trinco,"M.Y.A. Rahuman, No.124, Peraru, Kanthale West",,
1147,H.B.L.Aloka Rusiru,Kumara,Male,11 March 2019,Beta Thalassaemia Major,Beta Thal major,A pos,alive,Kurunegala,,,Sinhala,Polgahawela,Kurunegala,"C.P. Nuwanthi Sasikala, No.56, Maligathenna, Alawwa road, Polgahwela",,
1148,M.Rasheem,,Male,25 December 1994,Other,Other,A pos,alive,Kurunegala,,,Muslim,Rideegama,Kurunegala,"Mahagama, Panagamuwa",,
1149,E.P.Wasana,Fernando,Female,05 December 1993,Sickle cell Disease ,HB S/Beta thalassemia,A pos,alive,Kurunegala,,,Sinhala,Giribawa,Kurunegala,,,
1150,E.M.Sadeesh Nethusara,Ekanayaka,Male,03 December 2018,Beta Thalassaemia Major,Beta Thal major,A pos,alive,Kurunegala,,,Sinhala,Galgamuwa,Kurunegala,"E.M. Ajith, No. 11/3, Senarathgama, Mahagalkadawala, Galgamuwa",,
1151,E.M.Saveen Thenun,Ekanayaka,Male,06 March 2019,Beta Thalassaemia Major,Beta Thal major,A pos,alive,Kurunegala,,,Sinhala,Mawathagama,Kurunegala,"E.M.N.S.K. Saman Ekanayake,Pallegama, Inguruwaththa, Mawathagama",,
1152,J.P.Pramodya,Kavindi,Female,02 February 2010,E Beta Thalassemia,E Beta Thalassemia,O pos,alive,Kurunegala,,,Sinhala,Wellawaya,Monaragala,"W.M. Nadeeka Priyanthi, No.27, Thoraara, Athiliwa",,
1153,M.Uvindi Induwari,Premathilaka,Female,26 April 2019,Beta Thalassaemia Major,Beta Thal major,O pos,alive,Kurunegala,,,Sinhala,Kurunegala,Kurunegala,"M.T.C. Pramathilaka, Werella, Thalwita",,
1154,J.M.Thinuka Nirmith,,Male,08 November 2018,Delta Beta Beta Thalassemia,Delta Beta Thalassemia,,alive,Kurunegala,,,Sinhala,Ibbagamuwa,Kurunegala,"J.M.S. Somiyuru, Pahala Walpola, Ibbagamuwa",,
1155,M.L.Leena,,Female,28 November 2018,Beta Thalassaemia Major,Beta Thal major,B pos,alive,Kurunegala,,,Muslim,Galewela,Mathale,"C.S. Farshana, No. 43/2, Nambadagahawaththa, Galewela",,
1156,M.M.Shehani,Hansamali Dissanayaka,Female,23 October 2004,Other,Other,,alive,Kurunegala,,,Sinhala,Ibbagamuwa,Kurunegala,"Koongahagedara, Ibbagamuwa",,
1157,Fathima,Fazna,Female,25 May 1993,Beta Thalassaemia Major,Beta Thal major,B pos,,Unknown,,,Muslim,Kurunegala,Kurunegala,,,
1158,M.S.U.Subodani,Perera,Female,06 January 1996,Other,Other,B pos,alive,Kurunegala,,,Sinhala,Maho,Kurunegala,"Balagollagama, Balalla",,
1159,D.M.Salitha Rukman,Bandaranayaka,Male,21 August 2001,E Beta Thalassemia,E Beta Thalassemia,,alive,Kurunegala,,,Sinhala,Kotawehera,Kurunegala,"Thimbiriyawa, Thimbiriyawa, Nikaweratiya",,
1160,A.G.Sadew,Induwara,Male,21 June 2019,Beta Thalassaemia Major,Beta Thal major,A pos,alive,Kurunegala,,,Sinhala,Galewela,Mathale,"S.G. Ruwini Jayalalitha, Ihala Diggala, Dewahuwa",,
1161,R.P.Roshan,Weerawardana,Male,01 March 1994,Beta Thalassaemia Major,Beta Thal major,O pos,alive,Kurunegala,,,Sinhala,Galewela,Mathale,,,
1162,I.M.Kaveesha Sandaruwan,Jayathilaka,Male,08 May 2019,Beta Thalassaemia Major,Beta Thal major,,alive,Kurunegala,,,Sinhala,Pannala,Kurunegala,"W. Dewika Shayamali, Gonulla, Gonawila, Mukalangamuwa, Pannala",,
1163,S.N.W.M.Kavessha Chamal,Kushmith,Male,18 May 2018,E Beta Thalassemia,E Beta Thalassemia,,alive,Kurunegala,,,Sinhala,Nawagaththegama,Puttlam,"S.N.W.M. Pradeep Kumara, Moragahawewa, Mahapitiya, Nawagaththegama",,
1164,W.M.Gaveesha,Abeyrathna,Female,02 September 2001,Delta Beta Beta Thalassemia,Delta Beta Thalassemia,,alive,Kurunegala,,,Sinhala,Maspotha,Kurunegala,"W.M. Nimal Abeyrathna, No414/3, Kohilapokuna, Yanthampalawa",,
1165,R.M.Aisha,,Male,27 August 2012,Beta Thalassaemia Major,Beta Thal major,A pos,alive,Kurunegala,,,Muslim,Akurana,Kandy,"No 50/1, Bulugahawaththa, Akurana",,
1166,S.A.D.V,Abeysinghe,Female,25 August 2019,Beta Thalassaemia Major,Beta Thal major,,alive,Kurunegala,,,Sinhala,Narammala,Kurunegala,"S.A.C.S. Abeyasinghe, Karambe, Meewewa, Kalugamuwa",,
1167,S.M.Kaushalya,Prabhodini,Female,14 March 2017,Beta Thalassaemia Major,Beta Thal major,A pos,alive,Kurunegala,,,Sinhala,Rasnayakapura,Kurunegala,"S.M. Pushpa Kumara, No.421/6, Rembewa, Heelogama, Nikaweratiya",,
1168,M.M.Mogan,Kumara,Male,20 June 1993,Other,Other,A pos,alive,Kurunegala,,,Muslim,Rideegama,Kurunegala,"Delhenawaththa, Delvita",,
1169,Naushan,Ahamad,Male,21 October 2018,E Beta Thalassemia,E Beta Thalassemia,,,Chilaw,,,Muslim,Kalpitiya,Puttlam,,,
1170,H.M.R.Ranganabandara,Herath,Male,30.09.2003,Other,Other,,alive,Kurunegala,,,Sinhala,Ibbagamuwa,Kurunegala,"H.M. Rathnayake, Doluwa, Kubukwewa",,
1171,R.P.D Chamodi Dinushika,Siriwrrdana,Female,14 October 2021,Alpha Beta Thalassemia,Beta triple alpha thalassaemia,B neg,alive,Kurunegala,,,Sinhala,Bingiriya,Kurunegala,,,
1172,M.S.S.S,Pehesara,Male,02 April 2018,E Beta Thalassemia,Hb E Beta Thalassaemia,B pos,alive,Kurunegala,,,Sinhala,Maho,Kurunegala,"S.M.S. Sampath, Pansala Road, Palagala",,
1173,D.M.D.S.Dasanayaka,,Male,19 May 2019,E Beta Thalassemia,E Beta Thalassemia,,alive,Kurunegala,,,Sinhala,Kuliyapitiya West,Kurunegala,,,
1174,J.H.M.M.Senulya,Jayapadma,Female,26 October 2019,Beta Thalassaemia Major,Beta Thal major,,Underwent BMT,,,,Sinhala,Kotawehera,Kurunegala,"J.H.M.I. Mandhuranga, No.109, Thambarobuwa, Koyawehera",,
1175,N.D.S.Hasarel,Rajapaksha,Male,25 October 2013,E Beta Thalassemia,E Beta Thalassemia,,,,,,Sinhala,Ambanpola,Kurunegala,,,
1176,M.S,Vidath,Male,27 December 2019,Beta Thalassaemia Major,Beta Thal major,B neg,Underwent BMT,,,,Muslim,Mawathagama,Kurunegala,"R.M. Seedh, 233, Paragahdeniya, Mawathagama",3M,
1177,W.B.G.D.N.,Disanath,Male,20 February 2020,Beta Thalassaemia Major,Beta Thal major,,alive,Kurunegala,,,Sinhala,Polgahawela,Kurunegala,,,
1178,R.M.,Dissnayaka,Male,14 May 1959,Delta Beta Beta Thalassemia,Delta Beta Thalassemia,,alive,Kurunegala,,,Sinhala,Polpithigama,Kurunegala,,,
1179,Fathima,Simaya,Female,30 April 1993,Other,Other,,alive,Kurunegala,,,Muslim,Wariyapola,Kegalle,,,
1180,D.M.Malith Pehesara,Dissanayaka,Male,17 December 2014,E Beta Thalassemia,E Beta Thalassemia,,alive,Kurunegala,,,Sinhala,Palagala,Anuradhapura,,,
1181,M.D.,Dewmi Himansha,Female,02 September 2014,Beta Thalassaemia Major,Beta Thalassaemia Major,B pos,alive,Kurunegala,,,Sinhala,Mahiyanganaya,Badulla,,,
1182,M.M.F.,Mahira,Female,30 May 1996,Other,Other,AB pos,alive,Kurunegala,,,Muslim,Rideegama,Kurunegala,,,
1183,T.B.V.Kumari,Ekanayaka,Female,15 August 1988,Other,Other,,alive,Kurunegala,,,Sinhala,Polpithigama,Kurunegala,,,
1184,S.Antani,Premasiri,Male,17 January 1957,Thalassaemia Intermedia,Beta Thalassemia Trait,,alive,Kurunegala,,,Sinhala,Rambukkana,Kegalle,,,
1185,I.M.,C Mayon,Male,02 July 2016,E Beta Thalassemia,Hb E Beta Thalassaemia,O pos,alive,Kurunegala,,,Muslim,Kuliyapitiya West,Kurunegala,,,
1186,M.I.S.,Bhanu,Male,05 August 1980,Other,Other,O neg,alive,Kurunegala,,,Muslim,Rideegama,Kurunegala,,,
1187,S.A.Chathumi Sasmitha,Jayawardana,Female,14 October 2019,Beta Thalassaemia Major,Beta Thal major,,alive,Kurunegala,,,Sinhala,Kurunegala,Kurunegala,"W.M. Chandrika Malkanthi, Ambagaswaththa, Wilbawa, Kurunegala",,
1188,M.N.Washa,,Female,12 February 2016,E Beta Thalassemia,E Beta Thalassemia,O pos,alive,Kurunegala,,,Sinhala,Galewela,Mathale,,,
1189,R.N.B Uthmika,Wijewickrama,Male,26 March 2012,E Beta Thalassemia,E-Beta Thalassaemia,AB pos,alive,Kurunegala,,,Sinhala,Mallawapitiya,Kurunegala,,,
1190,H.M,Somawathie,Female,20 September 1964,Delta Beta Beta Thalassemia,Delta Beta/ Beta Thalassaemia,O pos,alive,Kurunegala,,,Sinhala,Kobeiygane,Kurunegala,,,
1191,Ashen,Akesh Balasooriya,Male,04 February 2019,Thalassaemia Intermedia,Beta Thalassaemia Intermedia,A pos,alive,Kurunegala,,,Sinhala,Ibbagamuwa,Kurunegala,"L. Rammaya Kumuduni, Meegahmula Waththa, Pannala, Ibbagamuwa",,
1192,T.M,Vihanga Pahesara,Male,08 February 2018,Beta Thalassaemia Major,Beta Thalassaemia Major,B pos,alive,Kurunegala,,,Sinhala,Nikaweratiya,Kurunegala,"Ihalawewa Road, Hewenpelassa, Nikaweratiya",,
1193,W.M.Yasiru Rashmitha,Wijekoon,Male,20 February 2015,E Beta Thalassemia,E Beta Thalassemia,,alive,Kurunegala,,,Sinhala,Galgamuwa,Kurunegala,,,
1194,S.M.M.G,Samarakoon,Female,03 July 2020,Beta Thalassaemia Major,Beta Thalassaemia Major,O pos,alive,Kurunegala,,,Sinhala,Ahetuwewa,Kurunegala,"S.M. Chauranga Jayamal, Welalanda, Akurukaduwa, Meegahakiula",,
1195,K.A.Inudi,Dahamsa,Female,08 July 2020,Beta Thalassaemia Major,Beta Thal major,O pos,alive,Kurunegala,,,Sinhala,Pannala,Kurunegala,"K.A. Asanka Despriya, 512/1, Nagama, Welpalla",,
1196,R.A.Maleesha,Kaushan Rathnayaka,Male,28 June 2014,Beta Thalassaemia Major,Beta Thal major,A pos,alive,Kurunegala,,,Sinhala,Weerambugedara,Kurunegala,"R.P. Jayathilaka, Ranmal Uyana Para, Weerambugedara",,
1197,R.L.B.Kumarasingha,,Male,16 March 1962,Other,Other,,alive,Kurunegala,,,Sinhala,Rideegama,Kurunegala,"Wewathenna, Ihala Dodamgaslanda",,
1198,A.O.Thisali,Liyansa,Female,18 March 2019,Beta Thalassaemia Major,Beta Thal major,A neg,alive,Kurunegala,,,Sinhala,Panduwasnuwara West,Kurunegala,"A. Malinda Pushpa Kumara, 145/1, Apaladeniya, Ihalagomugomuwa",,
1199,R.I.B.D.Nimsarani,Rathnamalala,Female,04 August 2016,Hb H Disease,Hb H Disease,,alive,Kurunegala,,,Sinhala,Maho,Kurunegala,"R.I.B.H. Karunasena, Pahala Balalla, Balalla",,
1200,M.H.S.Sihansha,Pranandu,Female,18 May 2020,Beta Thalassaemia Major,Beta Thal major,O pos,alive,Kurunegala,,,Sinhala,Naththandiya,Puttlam,"S.M. N.N. Ishara Sathkumara, Morakele, Ihaka Kotramulla, Naththandiya",,
1201,W.M.S.Sithumdi,Bandara,Female,29/09/2020,Beta Thalassaemia Major,Beta Thal major,A pos,alive,Kurunegala,,,Sinhala,Panduwasnuwara - East,Kurunegala,"H.M. Sudarshani Hettisinghe, Ihala Nelibewa, Moragane",,
1202,A.G.Nethula,Nadeesh,Male,09 May 2020,E Beta Thalassemia,E Beta Thalassemia,O pos,alive,Kurunegala,,,Sinhala,Mawathagama,Kurunegala,"A.G. Nihal Chathuranga, Malandeniya, Kahapathwala",,
1203,A.M.V.Sehansa,Aththanayaka,Female,03 June 2019,Beta Thalassaemia Major,Beta Thal major,B pos,alive,Kurunegala,,,Sinhala,Dimbulagala,Polonnaruwa,"A.M.C. Kumara Aththanayake, No.247, Nikawathalanda, Dehiaththakandiya",,
1204,A.C.S.Hashima,,Female,11 January 1958,Other,Other,A pos,alive,Kurunegala,,,Muslim,Ibbagamuwa,Kurunegala,,,
1205,J.M.Sheniru,Levon,Male,25 December 2020,Beta Thalassaemia Major,Beta Thal major,A pos,alive,Kurunegala,,,,,Kurunegala,,,
1206,L.V.A.Erandika,Senarathna,Male,15 June 2020,Beta Thalassaemia Major,Beta Thal major,,alive,Kurunegala,,,Sinhala,Nawagaththegama,Puttlam,"N.P. Nirmala Sandayani, Merungoda, Mahuswewa",,
1207,K.H.M.Achala,Ayomi,Female,04 March 1995,E Beta Thalassemia,E Beta Thalassemia,A pos,alive,Kurunegala,,,Sinhala,Mahiyanganaya,Badulla,"K.H.M. Sampath Ruwan Kumara, No.5/2, Pahala Rankinda,",,
1208,Satheesha Heshan,Atthanayake,Male,26 March 2020,Beta Thalassaemia Major,Beta Thalassaemia Major,O pos,alive,Kurunegala,,,Sinhala,Dambulla,Mathale,"W.G. Chamathka Dilhani, 38/C, Udawelyagama, Sigiriya",,
1209,M.F.M.Faani,,Female,04 July 2009,Beta Thalassaemia Major,Beta Thal major,O pos,alive,Kurunegala,,,,Kalpitiya,Kurunegala,,,
1210,W.M.Chandani,Wanasingha,Female,22 June 1983,Thalassaemia Intermedia,Thal Intermedia,O pos,alive,Kurunegala,,,Sinhala,Ganewaththa,Kurunegala,,,
1211,A.M.Nimesha,Kavindi,Female,19 March 2002,Sickle cell Disease ,HB S/Beta thalassemia,O pos,alive,Kurunegala,,,Sinhala,Bingiriya,Kurunegala,"H.M. Lilamani Jayanthi, Ihala Kadigamuwa, Kadigamuwa",,
1212,M.Sakar,,Male,15 September 2006,Delta Beta Beta Thalassemia,Delta Beta Thalassemia,AB pos,alive,Kurunegala,,,Muslim,Mawathagama,Kurunegala,"A.S. Jemina, Singhepura, Paragahdeniya",,
1213,E.M.C.Dinaya,Ekanayaka,Female,02 January 2021,Beta Thalassaemia Major,Beta Thal major,B pos,alive,Kurunegala,,,Sinhala,Ambanpola,Kurunegala,"E.M. Sarath Ekanayake, No.158, Ambakolawewa, Ambanpola",,2020
1214,N.K.S.Jayarathna,,Male,31 August 1986,Beta Thalassaemia Major,Beta Thal major,AB pos,,Ragama,,,Sinhala,Horana,Colombo,"190/1C2, 20 Post Road, Narhanagala, Horana",,
1215,R.M.S.Dulneth,Rathnayaka,Male,23 January 2021,Beta Thalassaemia Major,Beta Thal major,B pos,Underwent BMT,,,,Sinhala,Polpithigama,Kurunegala,"E.D. Nadeesha Swarnamali Rathnayake, No.392, Thalwehera, Makulpotha",,
1216,M.S.Imesha,Wijethilaka,Female,20 March 2000,Thalassaemia Intermedia,Beta Thalassemia Trait,O pos,alive,Kurunegala,,,Sinhala,Alawwa,Kurunegala,"M. Sarath Wijethilaka, Morawalapitiya, Wennaruwa",,
1217,H.M.D.Thedas,Hiddage,Male,07 May 2021,Beta Thalassaemia Major,Beta Thal major,O pos,alive,Kurunegala,,,Sinhala,Ganewaththa,Kurunegala,"H.M.S. Herath, Nikagolla, Kubukwewa",,
1218,W.A.Indunil,Lakshitha,Male,20 January 1986,Thalassaemia Intermedia,Thal Intermedia,O pos,alive,Kurunegala,,,Sinhala,Kurunegala,Kurunegala,"K.M. Sarath Chandana, No.123, Dematagahpelessa, Kurunegala",,
1219,R.B.Adithya,Uvindu,Male,15 March 2021,Beta Thalassaemia Major,β Thal major,B pos,alive,Kurunegala,,,Sinhala,Panduwasnuwara West,Kurunegala,"P.B. Karunarathna, Kahatavila, Kooratihena",,
1220,W.D.Thiyara,Rajapaksha,Female,25 July 2021,Beta Thalassaemia Major,Beta Thal major,O pos,alive,Kurunegala,,,Sinhala,Kothmale,Nuwaraeliya,"K.A. Amila Subhashini Jayasena, No.62, Ruwanpura, Hapugasthalawa, Nuwareliya",,
1221,H.H.Seelawathi,Menike,Female,18 May 1956,Other,Other,O pos,alive,Kurunegala,,,Sinhala,Polgahawela,Kurunegala,"Kebiliththewala,Wadakada",,
1222,K.H.Kaushal,Chamandiw,Male,09 July 2021,Beta Thalassaemia Major,Beta Thalassaemia Major,A pos,alive,Kurunegala,,,Sinhala,Ambanpola,Kurunegala,"S.M.Priyanka Sandamali, Kanda Uda Niwasa,Bambaramithogama, Amabnpola",,
1223,Mohomad,Faziar,Male,26 December 2018,Beta Thalassaemia Major,Beta Thal major,A pos,alive,Kurunegala,,,Muslim,Ukuwela,Mathale,"Fathima Nasreen,No.122, Warakanda Wathta, Warakamulgala",,
1224,M.N.Fathima,Ayesha,Female,13 January 2013,E Beta Thalassemia,E Beta Thalassemia,O pos,alive,Kurunegala,,,Muslim,Mallawapitiya,Kurunegala,"Fathima Risana,No.130/10,K.K.M. Waththa, Mallawapitiya",,
1225,K.Rathnakanthi,,Female,02 April 1962,Thalassaemia Intermedia,Thal Intermedia,O neg,alive,Kurunegala,,,Sinhala,Ganewaththa,Kurunegala,"No.197,Uyangalla, Nikadalupotha",,
1226,S.Oshada,Sandaken,Male,09 May 2016,Beta Thalassaemia Major,Beta Thal major,B pos,alive,Kurunegala,,,Sinhala,Kuliyapitiya West,Kurunegala,"A.M.S. Deepani Kumari,Udagedara,Wewagama",,
1227,R.H.S.Methnidu,Ranasingha,Male,20 October 2021,Beta Thalassaemia Major,Beta Thal major,O pos,alive,Kurunegala,,,Sinhala,Ganewaththa,Kurunegala,"R.H. Pethum Indika Ranasinghe,258/2,  Neriyawa, Kumbukgete",,
1228,N.G.K.Chamuditha,Weerasingha,Male,15 November 2019,Beta Thalassaemia Major,Beta Thal major,O neg,alive,Kurunegala,,,,,Kandy,,,
1229,C.A.H.M.Sarani,Dinesha,Female,06 June 2017,E Beta Thalassemia,E Beta Thalassemia,O pos,alive,Kurunegala,,,Sinhala,Maho,Kurunegala,"E.M. Damayanthi Pushpa Kumari, Rateheenukwewa, Maho",,
1230,E.M.D.Savinya,Ekanayaka,Female,09 April 2021,Beta Thalassaemia Major,Beta Thal major,O Positive,alive,Kurunegala,,,Sinhala,Polpithigama,Kurunegala,"H.P. Nipuni Anuththra, Thalakolawewa, Siyambalawewa, Polpithigma",,
1231,D.V.Siril,,Male,19 August 1959,Thalassaemia Intermedia,Thal Intermedia,A neg,alive,Kurunegala,,,,,Kurunegala,,,
1232,D.M.T.H.Dahanaka,,Male,21 October 2021,Beta Thalassaemia Major,Beta Thal major,B pos,alive,Kurunegala,,,Sinhala,Ibbagamuwa,Kurunegala,"D.M. Nishantha Bandara,Karuwalagaswewa, Ganegoda, Kubukwewa",,
1233,J.M.D.Amodya,Jayasingha,Female,05 February 2022,Beta Thalassaemia Major,Beta Thal major,AB pos,alive,Kurunegala,,,Sinhala,Galgamuwa,Kurunegala,"M.P. Dilhani Wasana Nishshsanka, Kudagalawewa, Ahetuwewa, Galgamuwa",,
1234,M.F.M,Jabir,Male,30 August 1980,E Beta Thalassemia,E Beta Thalassemia,A pos,,,,,Muslim,,Mathale,,,
1235,W.B.M.Maduwanthi,Deepika,Female,02 October 1993,E Beta Thalassemia,E Beta Thalassemia,O pos,alive,Kurunegala,,,Sinhala,Polpithigama,Kurunegala,"Hathpokuna, Polpithigama",,
1236,A.J.Risvi,,Male,02 September 1973,E Beta Thalassemia,E Beta Thalassemia,O pos,alive,Kurunegala,,,Muslim,,Kurunegala,,,
1237,M.P.D.L,Hasithmi Muthugala,Female,11 May 2021,Beta Thalassaemia Major,Beta Thalassaemia Major,O pos,alive,Kurunegala,,,Sinhala,Kuliyapitiya East,Kurunegala,"M.P.D. Deepika Pushpanjali, No.109, Singhepura, Horombawa",,
1238,E.P.U.Savidya,Edirisingha,Female,26 June 2022,Beta Thalassaemia Major,Beta Thal major,A pos,alive,Kurunegala,,,Sinhala,Polgahawela,Kurunegala,"W.M.Sandamali Kumari Dissanayaka, Puwak Waththa, Polgahwela",,
1239,H.A.P,Sanjiwani Hettiarachchi,Female,07 April 1982,Thalassaemia Intermedia,Thalassaemia Intermedia (Thal trait),B pos,alive,Kurunegala,,,Sinhala,Panduwasnuwara East,Kurunegala,,,
1240,E.M.I.Himansha,Edirisingha,Female,04 April 2020,E Beta Thalassemia,E Beta Thalassemia,,alive,Kurunegala,,,Sinhala,Ahetuwewa,Kurunegala,"E.M. Ajith Kumara, Dewata Road, Kaduruwewa, Ahetuwewa",,
1241,Ravihara,Sansalee Ranasingha,Female,20 April 2008,Beta Thalassaemia Major,Beta Thal major,O pos,alive,Kurunegala,,,Sinhala,Galagedara,Kandy,,,
1242,I.A.A.,Kushal Induwara,Male,06 April 2014,Beta Thalassaemia Major,Beta Thalassaemia Major,B pos,alive,Kurunegala,,,Sinhala,Polpithigama,Kurunegala,,,
1243,S.G.Levmitha,Methusith,Male,14 January 2019,Beta Thalassaemia Major,Beta Thal major,O pos,alive,Kurunegala,,,Sinhala,Palagala,Anuradhapura,,,
1244,W.M.S,Sehansa Nawarathna,Female,11 June 2022,Beta Thalassaemia Major,Beta Thalassaemia Major,A pos,alive,Kurunegala,,,Sinhala,Polpithigama,Anuradhapura,,,
1245,A.M S.,Sanul Adhikari,Male,24 August 2022,Beta Thalassaemia Major,Beta Thalassaemia Major,O pos,alive,Kurunegala,,,Sinhala,Karuwalagaswewa,Puttlam,"A.M. Sachi Hasitha Nadeeshan, Trac 7, Saliyawewa Junction",,
1246,H.H.Himansa,Dilmini,Female,05 February 2014,Sickle cell Disease ,HB S/Beta thalassemia,,alive,Kurunegala,,,Sinhala,Panduwasnuwara - West,Kurunegala,,,
1247,J.M,Dinali Eshara,Female,15 July 2022,Beta Thalassaemia Major,Beta Thalassaemia Major,O pos,alive,Kurunegala,,,Sinhala,Maho,Kurunegala,,,
1248,D.M.D.V,Dissanayaka,Male,01 July 2018,Hb H Disease,? Triple & Thalassaemia,,alive,Kurunegala,,,Sinhala,Palagala,Anuradhapura,,,
1249,B.M.B.,M Ekanayaka,Male,08 October 2022,Beta Thalassaemia Major,Beta Thal major,O pos,alive,Kurunegala,,,Sinhala,Polpithigama,Kurunegala,,,
1250,W.M.D.Nethaya,Wanninayaka,Female,06 August 2013,Delta Beta Beta Thalassemia,Delta Beta Thalassemia,,alive,Kurunegala,,,Sinhala,Ahetuwewa,Kurunegala,,,
1251,W.M.A.Rasmitha,Wanninayaka,Male,04 November 2020,Delta Beta Beta Thalassemia,Delta Beta Thalassemia,,alive,Kurunegala,,,Sinhala,Ahetuwewa,Kurunegala,,,
1252,S.Suheith,,Male,16 December 2022,Beta Thalassaemia Major,Beta Thal major,,alive,Kurunegala,,,Muslim,Rasnayakapura,Kurunegala,"J. Fasmila, Nammuwawa, Heleogama",,
1253,E.M,Didula Thalisha,Male,25 February 2022,Beta Thalassaemia Major,Beta Thalassaemia Major,O pos,alive,Kurunegala,,,Sinhala,Wariyapola,Kurunegala,,,
1254,R.D Ashen,Pramod,Male,26 February 2010,Thalassaemia Intermedia,B Thal Trait/ Alpha thal common triplication,B pos,alive,Kurunegala,,,,,,,,
1255,J.A,Lisanda Gaveen Jayakodi,Male,03 January 2023,Beta Thalassaemia Major,Beta Thalassaemia Major,,alive,Kurunegala,,,,,,,,
1256,G.W.S.Dewmika,Rupasingha,Female,04 September 2012,Delta Beta Beta Thalassemia,Delta Beta Thalassemia,,alive,Kurunegala,,,,,,,,
1257,S.K.S.Minara,Jayasingha,Female,07 January 2022,E Beta Thalassemia,E Beta Thalassemia,O pos,alive,Kurunegala,,,,,,,,
1258,H.M.M.Damruwan,Bandara,Male,06 May 2020,E Beta Thalassemia,E Beta Thalassemia,O pos,alive,Kurunegala,,,,,,,,
1259,A.W.,Miheli Rashmi Kohona,Female,19 August 2020,E Beta Thalassemia,E Beta Thalassaemia,O pos,alive,Kurunegala,,,,,,,,
1260,M.S.M,Sasni,Female,13 August 2010,Beta Thalassaemia Major,Beta Thalassaemia Major,B pos,alive,Kurunegala,,,,,,,,
1261,R.M,Ranulya Shehani,Female,11 January 2022,E Beta Thalassemia,E Beta Thalassaemia,,alive,Kurunegala,,,,,,,,
1262,S.P.D.Rupunya,Piyathissa,Female,28 June 2023,Beta Thalassaemia Major,Beta Thal major,,alive,Kurunegala,,,,,,,,
1263,A.P.D.T,Shivanka Jayaweera,Male,06 May 2017,E Beta Thalassemia,E-Beta Thalassaemia,O pos,alive,Kurunegala,,,,,,,,
1264,M.S.Siriwardana,,Male,16 December 2021,E Beta Thalassemia,E Beta Thalassemia,,alive,Kurunegala,,,,,,,,
1265,A.P.L.,U Wijesiri,Male,29 June 1999,E Beta Thalassemia,E Beta Thalassaemia,,alive,Kurunegala,,,,,,,,
1266,G.R.P.N,Thilakarathna,Male,21 February 2019,Beta Thalassaemia Major,Beta Thalassaemia Major,O pos,alive,Kurunegala,,,,,,,,
1267,K.A.Sadasi,Vihansa,Female,05 August 2023,Beta Thalassaemia Major,Beta Thal major,B pos,alive,Kurunegala,,,,,,,,
1268,W.M.T.M.Seetha,Kumarihami,Female,04 May 1969,Delta Beta Beta Thalassemia,Delta Beta Thalassemia,,alive,Kurunegala,,,,,,,,
1269,D.M.N.Pehesara,Dissanayaka,Male,11 October 2023,Beta Thalassaemia Major,Beta Thal major,,alive,Kurunegala,,,,,,,,
1270,H.M.G.Menike,,Female,20 April 1955,Thalassaemia Intermedia,Beta Thalassemia Trait,A pos,alive,Kurunegala,,,,,,,,
1271,B.M.Kanthi,Basnayaka,Female,07 November 1961,,,,alive,Kurunegala,,,,,,,,
1272,D.M.T.Maduwanthi,Dissanayaka,Female,30 September 2003,Sickle cell Disease ,HB S/Beta thalassemia,O pos,alive,Kurunegala,,,,,,,,
1273,T.M.T.Mihirangi,Thennakoon,Female,16 September 2014,E Beta Thalassemia,E Beta Thalassemia,O pos,alive,Kurunegala,,,,,,,,
1274,J.A.Prasad,Vimukthi,Male,09 January 2011,Thalassaemia Intermedia,Thal Intermedia,O pos,alive,Kurunegala,,,,,,,,
1275,M.S.F.Sahalla,,Female,19 September 2016,E Beta Thalassemia,E Beta Thalassemia,,alive,Kurunegala,,,,,,,,
1276,Mohommad,Mahdy,Male,18 December 2017,E Beta Thalassemia,E Beta Thalassemia,,alive,Kurunegala,,,,,,,,
1277,R.M.Eyoth,Thehansa,Male,25 June 2023,Beta Thalassaemia Major,Beta Thal major,B pos,alive,Kurunegala,,,,,,,,
1278,U.L.Mariya,Bee Bee,Female,,,,A pos,alive,Kurunegala,,,,,,,,
1279,S.M.Shanuka,Vihas,Male,22 April 2019,Beta Thalassaemia Major,Beta Thal major,B pos,alive,Kurunegala,,,,,,,,
1280,D.M.Minuli,Aksha,Female,25 January 2020,E Beta Thalassemia,E Beta Thalassemia,AB pos,alive,Kurunegala,,,,,,,,
1281,R.I.B.S.Himansa,Rathnamalala,Female,31 October 2016,E Beta Thalassemia,E Beta Thalassemia,A pos,alive,Kurunegala,,,,,,,,
1282,M.N.Hiba,Mariyam,Female,25 July 2018,,,O pos,alive,Kurunegala,,,,,,,,
1283,G.L.M.Sathsara,Dilshan,Male,24 December 2008,E Beta Thalassemia,E Beta Thalassemia,O neg,alive,Kurunegala,,,,,,,,
1284,M.A.M.Mahamood,,Male,13 November 2023,Beta Thalassaemia Major,Beta Thal major,O neg,alive,Kurunegala,,,,,,,,
1285,M.A.J.P.K.Jayasingha,,Female,07 February 1968,,,,alive,Kurunegala,,,,,,,,
1286,Y.Saveen,Methnidu,Male,02 November 2023,Beta Thalassaemia Major,Beta Thal major,B pos,alive,Kurunegala,,,,,,,,
1287,J.M.Ukkuamma,,Female,28 November 1959,Thalassaemia Intermedia,Beta Thalassemia Trait,,alive,Kurunegala,,,,,,,,
1288,J.H.Chanuthmi,Hiranya,Female,05 April 2021,Beta Thalassaemia Major,Beta Thal major,O pos,alive,Kurunegala,,,,,,,,
1289,A.,Aksha,Female,15 November 2019,Beta Thalassaemia Major,Beta Thal major,,alive,Kurunegala,,,,,,,,
1290,R.P.I.Akesh,Dissanayaka,Male,26 September 2022,E Beta Thalassemia,E Beta Thalassemia,,alive,Kurunegala,,,,,,,,
1291,H.M.I.Nilmini Kumari Herath,,Female,18 December 1998,E Beta Thalassemia,E Beta Thalassemia,O pos,alive,Kurunegala,,,,,,,,
1292,N.S.L.M.Umma,,Female,17 August 1975,E Beta Thalassemia,E Beta Thalassemia,,alive,Kurunegala,,,,,,,,
1293,I.M.Sumithra,Jayasingha,Female,08 June 1976,Thalassaemia Intermedia,Beta Thalassemia Trait,B pos,alive,Kurunegala,,,,,,,,
1294,M.R.M.Akmal,,Male,23 June 2013,E Beta Thalassemia,E Beta Thalassemia,O pos,,Peradeniya,,,,,,,,
1295,S.M.Bebinona,,Female,18 March 1962,Thalassaemia Intermedia,Beta Thalassemia Trait,AB pos,alive,Kurunegala,,,,,,,,
1296,A.M.Amras,,Male,04 September 2008,Hb H Disease,Alpha Thalassemia,A pos,alive,Kurunegala,,,,,,,,
1297,R.D.S.Denuwan,Ranasingha,Male,26 October 2021,E Beta Thalassemia,E Beta Thalassemia,O pos,alive,Kurunegala,,,,,,,,
1298,R.M.D.Dilmina,Senanayaka,Male,21 January 2010,,,,alive,Kurunegala,,,,,,,,
1299,P.Abishi,Damsethya,Female,01 August 2024,E Beta Thalassemia,E Beta Thalassemia,,alive,Kurunegala,,,,,,,,
1300,M.Y.A.Ahamad,,Male,07 July 2009,,,,alive,Kurunegala,,,,,,,,
1301,Fathima,Hafza,Female,08 March 1997,,,O pos,alive,Kurunegala,,,,,,,,
1302,P.K.G.Divya,Devmini,Female,04 May 2024,Beta Thalassaemia Major,Beta Thal major,,alive,Kurunegala,,,,,,,,
1303,E.M.M.Lihansa,Ekanayaka,Female,27 January 2024,Beta Thalassaemia Major,Beta Thal major,O pos,alive,Kurunegala,,,,,,,,
1304,R.W.N.Sehansa,Weerakkodi,Male,31 October 2024,Beta Thalassaemia Major,Beta Thal major,,alive,Kurunegala,,,,,,,,
1305,M.S.M.Shahaad,,Male,18 June 2023,E Beta Thalassemia,E Beta Thalassemia,AB pos,alive,Kurunegala,,,,,,,,
1306,R.M.,Hubaib,Female,28 June 2022,E Beta Thalassemia,E Beta Thalassemia,,alive,Kurunegala,,,,,,,,
1307,M.Z.F.,Minha,Female,15 August 2024,Beta Thalassaemia Major,Beta Thal major,,alive,Kurunegala,,,,,,,,
1308,H.A.K.K,Ashewya,Female,29 April 2025,Beta Thalassaemia Major,Beta Thal major,O pos,alive,Kurunegala,,,,,,,,
1309,S.Shashikala,Madumali,Female,27 February 1997,Beta Thalassaemia Major,Beta Thal major,A pos,alive,Kurunegala,,,,,,,,
1310,W.D.S.Sasmitha,Gunarathne,Male,16 December 2023,,,,alive,Kurunegala,,,,,,,,
1311,F.,Rafa,Female,18 April 2012,Beta Thalassaemia Major,Beta Thal major,,alive,Kurunegala,,,,,,,,
1312,A.,Rahman,Male,10 June 2015,Beta Thalassaemia Major,Beta Thal major,,alive,Kurunegala,,,,,,,,